series_name,Episode,UserRating,UserVotes,series_ep,link,r1,r10,r2,r3,r4,r5,r6,r7,r8,r9,season,season_ep
Icarly,iPilot,7.7,212,1,/title/tt0994707/,0.038461538461538464,0.34615384615384615,0.007692307692307693,0.023076923076923078,0.038461538461538464,0.05384615384615385,0.1,0.2,0.13846153846153847,0.05384615384615385,1,1
Icarly,iWant More Viewers,7.5,126,2,/title/tt0996340/,0.058823529411764705,0.34558823529411764,0.022058823529411766,0.051470588235294115,0.014705882352941176,0.058823529411764705,0.08823529411764706,0.15441176470588236,0.14705882352941177,0.058823529411764705,1,2
Icarly,iDream of Dance,7.2,136,3,/title/tt1007000/,0.05188679245283019,0.44339622641509435,0.014150943396226415,0,0.014150943396226415,0.04245283018867924,0.04716981132075472,0.14622641509433962,0.1509433962264151,0.08962264150943396,1,3
Icarly,iLike Jake,7.3,130,4,/title/tt1088984/,0.056910569105691054,0.34146341463414637,0,0.008130081300813009,0.032520325203252036,0.024390243902439025,0.11382113821138211,0.18699186991869918,0.1951219512195122,0.04065040650406504,1,4
Icarly,iWanna Stay with Spencer,7.6,127,5,/title/tt1094980/,0.056338028169014086,0.33098591549295775,0.007042253521126761,0.02112676056338028,0.035211267605633804,0.06338028169014084,0.09859154929577464,0.22535211267605634,0.1056338028169014,0.056338028169014086,1,5
Icarly,iNevel,7.5,128,6,/title/tt1099190/,0.046875,0.3515625,0,0.0078125,0.0390625,0.0625,0.0859375,0.203125,0.1640625,0.0390625,1,6
Icarly,iScream on Halloween,7.4,123,7,/title/tt1100586/,0.05405405405405406,0.27927927927927926,0,0.009009009009009009,0.036036036036036036,0.04504504504504504,0.0990990990990991,0.3153153153153153,0.10810810810810811,0.05405405405405406,1,7
Icarly,iSpy a Mean Teacher,7.2,111,8,/title/tt1102130/,0.05128205128205128,0.37606837606837606,0.008547008547008548,0.017094017094017096,0.017094017094017096,0.09401709401709402,0.07692307692307693,0.18803418803418803,0.11965811965811966,0.05128205128205128,1,8
Icarly,iWant to Date Freddie,7.5,117,9,/title/tt1103138/,0.07964601769911504,0.2920353982300885,0.008849557522123894,0.008849557522123894,0.04424778761061947,0.061946902654867256,0.1504424778761062,0.20353982300884957,0.10619469026548672,0.04424778761061947,1,9
Icarly,iWant a World Record,7.6,111,10,/title/tt1104676/,0.05714285714285714,0.3333333333333333,0,0.01904761904761905,0.009523809523809525,0.06666666666666667,0.05714285714285714,0.17142857142857143,0.23809523809523808,0.047619047619047616,1,10
Icarly,iRue the Day,7.6,111,11,/title/tt1105257/,0.06306306306306306,0.3153153153153153,0.009009009009009009,0.018018018018018018,0.018018018018018018,0.04504504504504504,0.08108108108108109,0.15315315315315314,0.22522522522522523,0.07207207207207207,1,11
Icarly,iPromise Not to Tell,7.6,105,12,/title/tt1105494/,0.046296296296296294,0.3425925925925926,0.018518518518518517,0,0.027777777777777776,0.07407407407407407,0.09259259259259259,0.17592592592592593,0.1574074074074074,0.06481481481481481,1,12
Icarly,iAm Your Biggest Fan,6.9,113,13,/title/tt1105495/,0.05660377358490566,0.3113207547169811,0.009433962264150943,0.009433962264150943,0.03773584905660377,0.04716981132075472,0.0660377358490566,0.12264150943396226,0.19811320754716982,0.14150943396226415,1,13
Icarly,iHeart Art,7.1,102,14,/title/tt1116022/,0.047244094488188976,0.33858267716535434,0,0.007874015748031496,0.023622047244094488,0.06299212598425197,0.06299212598425197,0.2047244094488189,0.2047244094488189,0.047244094488188976,1,14
Icarly,iHate Sam's Boyfriend,6.8,109,15,/title/tt1141241/,0.05405405405405406,0.3063063063063063,0,0.009009009009009009,0.009009009009009009,0.07207207207207207,0.0990990990990991,0.1891891891891892,0.1891891891891892,0.07207207207207207,1,15
Icarly,iHatch Chicks,7.6,106,16,/title/tt1156434/,0.06896551724137931,0.3706896551724138,0,0,0.017241379310344827,0.09482758620689655,0.0603448275862069,0.15517241379310345,0.1724137931034483,0.0603448275862069,1,16
Icarly,iDon't Want to Fight,7.3,108,17,/title/tt1157510/,0.08080808080808081,0.2828282828282828,0,0.010101010101010102,0.050505050505050504,0.06060606060606061,0.12121212121212122,0.18181818181818182,0.12121212121212122,0.09090909090909091,1,17
Icarly,iPromote Techfoots,7.4,105,18,/title/tt1157511/,0.045871559633027525,0.3394495412844037,0.009174311926605505,0.009174311926605505,0.045871559633027525,0.08256880733944955,0.10091743119266056,0.1834862385321101,0.12844036697247707,0.05504587155963303,1,18
Icarly,iGot Detention,7.7,115,19,/title/tt1190530/,0.049019607843137254,0.30392156862745096,0.00980392156862745,0.0392156862745098,0.0196078431372549,0.0784313725490196,0.0784313725490196,0.28431372549019607,0.09803921568627451,0.0392156862745098,1,19
Icarly,iStakeout,7.2,99,20,/title/tt1211331/,0.05217391304347826,0.3391304347826087,0,0,0.017391304347826087,0.09565217391304348,0.05217391304347826,0.1391304347826087,0.20869565217391303,0.09565217391304348,1,20
Icarly,iMight Switch Schools,7.3,109,21,/title/tt1221810/,0.047619047619047616,0.3333333333333333,0.007936507936507936,0.015873015873015872,0.031746031746031744,0.07936507936507936,0.07142857142857142,0.1746031746031746,0.1349206349206349,0.10317460317460317,1,21
Icarly,iFence,7.5,116,22,/title/tt1231267/,0.0782608695652174,0.3217391304347826,0.008695652173913044,0.02608695652173913,0.05217391304347826,0.043478260869565216,0.05217391304347826,0.1391304347826087,0.1826086956521739,0.09565217391304348,1,22
Icarly,iCarly Saves TV,7.2,142,23,/title/tt1241696/,0.06422018348623854,0.27522935779816515,0.009174311926605505,0.01834862385321101,0.03669724770642202,0.10091743119266056,0.14678899082568808,0.1834862385321101,0.13761467889908258,0.027522935779816515,1,23
Icarly,iWin a Date,7.5,115,24,/title/tt1241697/,0.05714285714285714,0.2857142857142857,0.009523809523809525,0.01904761904761905,0.01904761904761905,0.05714285714285714,0.0761904761904762,0.21904761904761905,0.2,0.05714285714285714,1,24
Icarly,iHave a Lovesick Teacher,7.1,115,25,/title/tt1264874/,0.06956521739130435,0.3739130434782609,0,0.017391304347826087,0.017391304347826087,0.05217391304347826,0.06086956521739131,0.1826086956521739,0.13043478260869565,0.09565217391304348,1,25
Icarly,iSaw Him First,7.7,118,26,/title/tt1290049/,0.058823529411764705,0.39215686274509803,0.00980392156862745,0.0196078431372549,0.00980392156862745,0.06862745098039216,0.0784313725490196,0.12745098039215685,0.18627450980392157,0.049019607843137254,2,1
Icarly,iStage an Intervention,8,119,27,/title/tt1296545/,0.0423728813559322,0.3983050847457627,0,0.025423728813559324,0.01694915254237288,0.03389830508474576,0.059322033898305086,0.1694915254237288,0.211864406779661,0.0423728813559322,2,2
Icarly,iOwe You,7.6,102,28,/title/tt1297260/,0.04201680672268908,0.48739495798319327,0,0.01680672268907563,0.008403361344537815,0.05042016806722689,0.058823529411764705,0.03361344537815126,0.18487394957983194,0.11764705882352941,2,3
Icarly,iHurt Lewbert,7.2,104,29,/title/tt1303208/,0.07692307692307693,0.36538461538461536,0.009615384615384616,0.019230769230769232,0.028846153846153848,0.07692307692307693,0.08653846153846154,0.20192307692307693,0.09615384615384616,0.038461538461538464,2,4
Icarly,iPie,7.8,111,30,/title/tt1324843/,0.06306306306306306,0.42342342342342343,0.018018018018018018,0.009009009009009009,0.009009009009009009,0.05405405405405406,0.08108108108108109,0.10810810810810811,0.16216216216216217,0.07207207207207207,2,5
Icarly,iChristmas,7.5,125,31,/title/tt1335961/,0.064,0.424,0,0.008,0.024,0.064,0.016,0.2,0.128,0.072,2,6
Icarly,iKiss,8.3,153,32,/title/tt1350475/,0.032679738562091505,0.48366013071895425,0.006535947712418301,0,0.0196078431372549,0.032679738562091505,0.0457516339869281,0.0718954248366013,0.16993464052287582,0.13725490196078433,2,7
Icarly,iGive Away a Car,7.4,100,33,/title/tt1354530/,0.05,0.33,0.01,0,0.04,0.04,0.11,0.2,0.13,0.09,2,8
Icarly,iRocked the Vote,7.2,109,34,/title/tt1363455/,0.07339449541284404,0.3302752293577982,0,0,0.027522935779816515,0.10091743119266056,0.08256880733944955,0.2018348623853211,0.12844036697247707,0.05504587155963303,2,9
Icarly,iMeet Fred,5.2,170,35,/title/tt1372679/,0.2647058823529412,0.25882352941176473,0.041176470588235294,0.029411764705882353,0.052941176470588235,0.08235294117647059,0.09411764705882353,0.1,0.029411764705882353,0.047058823529411764,2,10
Icarly,iLook Alike,6.8,111,36,/title/tt1388318/,0.06306306306306306,0.3063063063063063,0.018018018018018018,0.036036036036036036,0.05405405405405406,0.08108108108108109,0.16216216216216217,0.11711711711711711,0.11711711711711711,0.04504504504504504,2,11
Icarly,iWant My Website Back,7.6,112,37,/title/tt1390390/,0.05785123966942149,0.4132231404958678,0,0.01652892561983471,0,0.01652892561983471,0.04132231404958678,0.0743801652892562,0.2231404958677686,0.15702479338842976,2,12
Icarly,iMake Sam Girlier,8.2,121,38,/title/tt1398388/,0.0625,0.375,0,0.03571428571428571,0,0.05357142857142857,0.08928571428571429,0.13392857142857142,0.16964285714285715,0.08035714285714286,2,13
Icarly,iGo Nuclear,7.4,99,39,/title/tt1413163/,0.0707070707070707,0.3333333333333333,0,0.030303030303030304,0.030303030303030304,0.04040404040404041,0.10101010101010101,0.20202020202020202,0.13131313131313133,0.06060606060606061,2,14
Icarly,iDate a Bad Boy,6.8,169,40,/title/tt1421022/,0.10650887573964497,0.3727810650887574,0.011834319526627219,0.023668639053254437,0.01775147928994083,0.047337278106508875,0.1242603550295858,0.13609467455621302,0.11242603550295859,0.047337278106508875,2,15
Icarly,iReunite with Missy,7.2,109,41,/title/tt1437187/,0.05504587155963303,0.3302752293577982,0.009174311926605505,0.01834862385321101,0.05504587155963303,0.027522935779816515,0.12844036697247707,0.1559633027522936,0.1651376146788991,0.05504587155963303,2,16
Icarly,iTake on Dingo,7.5,116,42,/title/tt1437797/,0.08421052631578947,0.39473684210526316,0.015789473684210527,0.015789473684210527,0.015789473684210527,0.03684210526315789,0.08421052631578947,0.11052631578947368,0.15263157894736842,0.08947368421052632,2,17
Icarly,iMust Have Locker 239,7.6,105,43,/title/tt1447478/,0.06666666666666667,0.3523809523809524,0,0,0.0380952380952381,0.05714285714285714,0.06666666666666667,0.13333333333333333,0.19047619047619047,0.09523809523809523,2,18
Icarly,iTwins,8,113,44,/title/tt1451617/,0.05172413793103448,0.43103448275862066,0,0.017241379310344827,0.02586206896551724,0.05172413793103448,0.0603448275862069,0.11206896551724138,0.15517241379310345,0.09482758620689655,2,19
Icarly,iFight Shelby Marx,7.3,190,45,/title/tt1466396/,0.04424778761061947,0.415929203539823,0,0.008849557522123894,0.008849557522123894,0.02654867256637168,0.10619469026548672,0.035398230088495575,0.23008849557522124,0.12389380530973451,2,20
Icarly,iThink They Kissed,7.6,117,46,/title/tt1505753/,0.06666666666666667,0.37142857142857144,0.01904761904761905,0.009523809523809525,0.0380952380952381,0.047619047619047616,0.11428571428571428,0.1619047619047619,0.1523809523809524,0.01904761904761905,3,1
Icarly,iCook,7.5,99,47,/title/tt1505754/,0.050505050505050504,0.30303030303030304,0,0.050505050505050504,0.020202020202020204,0.0707070707070707,0.0707070707070707,0.1717171717171717,0.16161616161616163,0.10101010101010101,3,2
Icarly,iSpeed Date,7.8,110,48,/title/tt1505755/,0.03636363636363636,0.4,0,0,0.01818181818181818,0.05454545454545454,0.08181818181818182,0.12727272727272726,0.2,0.08181818181818182,3,3
Icarly,iCarly Awards,7.3,105,49,/title/tt1505756/,0.06837606837606838,0.37606837606837606,0,0.008547008547008548,0.017094017094017096,0.042735042735042736,0.05128205128205128,0.15384615384615385,0.1623931623931624,0.11965811965811966,3,4
Icarly,iHave My Principals,7.9,92,50,/title/tt1518796/,0.043478260869565216,0.33695652173913043,0,0,0.021739130434782608,0.06521739130434782,0.07608695652173914,0.09782608695652174,0.2826086956521739,0.07608695652173914,3,5
Icarly,iFind Lewbert's Lost Love,7.5,92,51,/title/tt1531898/,0.07608695652173914,0.3695652173913043,0.021739130434782608,0.010869565217391304,0.043478260869565216,0.043478260869565216,0.06521739130434782,0.16304347826086957,0.14130434782608695,0.06521739130434782,3,6
Icarly,iMove Out,7.4,85,52,/title/tt1539488/,0.047058823529411764,0.3176470588235294,0,0.023529411764705882,0.047058823529411764,0.047058823529411764,0.09411764705882353,0.24705882352941178,0.15294117647058825,0.023529411764705882,3,7
Icarly,iQuit iCarly,7.6,117,53,/title/tt1553895/,0.05128205128205128,0.4188034188034188,0,0.042735042735042736,0.017094017094017096,0.05128205128205128,0.08547008547008547,0.1452991452991453,0.06837606837606838,0.11965811965811966,3,8
Icarly,iSaved Your Life,8.3,138,54,/title/tt1576680/,0.036231884057971016,0.5072463768115942,0.007246376811594203,0.014492753623188406,0.014492753623188406,0.021739130434782608,0.050724637681159424,0.07971014492753623,0.18115942028985507,0.08695652173913043,3,9
Icarly,iWas a Pageant Girl,8.1,106,55,/title/tt1576681/,0.03773584905660377,0.39622641509433965,0.009433962264150943,0.009433962264150943,0,0.05660377358490566,0.07547169811320754,0.05660377358490566,0.22641509433962265,0.1320754716981132,3,10
Icarly,iEnrage Gibby,7.3,88,56,/title/tt1588281/,0.06818181818181818,0.29545454545454547,0.011363636363636364,0.045454545454545456,0.022727272727272728,0.07954545454545454,0.07954545454545454,0.1590909090909091,0.14772727272727273,0.09090909090909091,3,11
Icarly,iSpace Out,7,88,57,/title/tt1593626/,0.061855670103092786,0.26804123711340205,0.030927835051546393,0.030927835051546393,0.030927835051546393,0.061855670103092786,0.10309278350515463,0.18556701030927836,0.16494845360824742,0.061855670103092786,3,12
Icarly,iFix a Pop Star,7.1,97,58,/title/tt1603245/,0.06818181818181818,0.3409090909090909,0.056818181818181816,0.03409090909090909,0.045454545454545456,0.06818181818181818,0.10227272727272728,0.17045454545454544,0.07954545454545454,0.03409090909090909,3,13
Icarly,iBloop,7.8,98,59,/title/tt1635648/,0.07142857142857142,0.42857142857142855,0.02040816326530612,0.01020408163265306,0.030612244897959183,0.05102040816326531,0.04081632653061224,0.10204081632653061,0.1836734693877551,0.061224489795918366,3,14
Icarly,iWon't Cancel the Show,7.3,78,60,/title/tt1635649/,0.0641025641025641,0.32051282051282054,0,0.038461538461538464,0.05128205128205128,0.05128205128205128,0.07692307692307693,0.20512820512820512,0.15384615384615385,0.038461538461538464,3,15
Icarly,iBelieve in Bigfoot,7.7,83,61,/title/tt1646087/,0.04819277108433735,0.3493975903614458,0.012048192771084338,0.012048192771084338,0.03614457831325301,0.04819277108433735,0.060240963855421686,0.20481927710843373,0.13253012048192772,0.0963855421686747,3,16
Icarly,iPsycho,7.9,130,62,/title/tt1661194/,0.06923076923076923,0.4153846153846154,0.007692307692307693,0.015384615384615385,0.015384615384615385,0.03076923076923077,0.05384615384615385,0.12307692307692308,0.14615384615384616,0.12307692307692308,3,17
Icarly,iBeat the Heat,7.3,95,63,/title/tt1672705/,0.07368421052631578,0.3263157894736842,0.010526315789473684,0.042105263157894736,0.031578947368421054,0.05263157894736842,0.08421052631578947,0.21052631578947367,0.10526315789473684,0.06315789473684211,3,18
Icarly,iGot a Hot Room,7.8,109,64,/title/tt1693609/,0.045871559633027525,0.3853211009174312,0.01834862385321101,0.027522935779816515,0.009174311926605505,0.03669724770642202,0.05504587155963303,0.10091743119266056,0.21100917431192662,0.11009174311926606,4,1
Icarly,iSam's Mom,7.8,100,65,/title/tt1698467/,0.06060606060606061,0.37373737373737376,0.010101010101010102,0.020202020202020204,0.010101010101010102,0.050505050505050504,0.06060606060606061,0.18181818181818182,0.1919191919191919,0.04040404040404041,4,2
Icarly,iGet Pranky,8,103,66,/title/tt1701167/,0.06521739130434782,0.30434782608695654,0,0,0.05434782608695652,0.08695652173913043,0.11956521739130435,0.18478260869565216,0.10869565217391304,0.07608695652173914,4,3
Icarly,iSell Penny Tees,7,93,67,/title/tt1709087/,0.04854368932038835,0.4563106796116505,0,0.009708737864077669,0.038834951456310676,0.04854368932038835,0.02912621359223301,0.05825242718446602,0.1941747572815534,0.11650485436893204,4,4
Icarly,iDo,7.3,92,68,/title/tt1711362/,0.04,0.41,0.01,0.02,0.01,0.04,0.08,0.14,0.19,0.06,4,5
Icarly,iStart a Fan War,7.7,129,69,/title/tt1724957/,0.0967741935483871,0.26881720430107525,0.010752688172043012,0.021505376344086023,0.053763440860215055,0.053763440860215055,0.06451612903225806,0.22580645161290322,0.17204301075268819,0.03225806451612903,4,6
Icarly,iHire an Idiot,7,103,70,/title/tt1753341/,0.05426356589147287,0.37209302325581395,0.015503875968992248,0.031007751937984496,0.031007751937984496,0.046511627906976744,0.03875968992248062,0.08527131782945736,0.18604651162790697,0.13953488372093023,4,7
Icarly,iPity the Nevel,7.7,99,71,/title/tt1756338/,0.07766990291262135,0.34951456310679613,0,0.019417475728155338,0.038834951456310676,0.06796116504854369,0.06796116504854369,0.14563106796116504,0.18446601941747573,0.04854368932038835,4,8
Icarly,iOMG,8.3,152,72,/title/tt1857596/,0.05574912891986063,0.5261324041811847,0.017421602787456445,0.003484320557491289,0.006968641114982578,0.027874564459930314,0.059233449477351915,0.06620209059233449,0.1289198606271777,0.10801393728222997,4,9
Icarly,iParty with Victorious,8.1,287,73,/title/tt1876223/,0.046052631578947366,0.5394736842105263,0,0.006578947368421052,0.006578947368421052,0.013157894736842105,0.039473684210526314,0.09210526315789473,0.13815789473684212,0.11842105263157894,4,10
Icarly,iLost My Mind,7.6,166,74,/title/tt1920729/,0.06722689075630252,0.4957983193277311,0,0,0.008403361344537815,0.03361344537815126,0.058823529411764705,0.09243697478991597,0.1092436974789916,0.13445378151260504,4,11
Icarly,iDate Sam & Freddie,7.8,119,75,/title/tt1943634/,0.07692307692307693,0.4307692307692308,0.015384615384615385,0,0.015384615384615385,0.06153846153846154,0.015384615384615385,0.07692307692307693,0.26153846153846155,0.046153846153846156,5,1
Icarly,iCan't Take It,7.6,82,76,/title/tt1967430/,0.0783132530120482,0.5060240963855421,0.012048192771084338,0.006024096385542169,0,0.04216867469879518,0.04216867469879518,0.08433734939759036,0.13855421686746988,0.09036144578313253,5,2
Icarly,iLove You,7.9,65,77,/title/tt2049375/,0.08536585365853659,0.35365853658536583,0,0,0.012195121951219513,0.08536585365853659,0.04878048780487805,0.14634146341463414,0.2073170731707317,0.06097560975609756,5,3
Icarly,iQ,7.1,81,78,/title/tt2063559/,0.12345679012345678,0.30864197530864196,0.012345679012345678,0.012345679012345678,0.024691358024691357,0.024691358024691357,0.08641975308641975,0.2345679012345679,0.1111111111111111,0.06172839506172839,5,4
Icarly,iBloop 2: Electric Bloopaloo,6.4,95,79,/title/tt2087646/,0.08571428571428572,0.41904761904761906,0.01904761904761905,0.009523809523809525,0.009523809523809525,0.0380952380952381,0.06666666666666667,0.1523809523809524,0.12380952380952381,0.0761904761904762,5,5
Icarly,iStill Psycho,7.6,105,80,/title/tt2136663/,0.15789473684210525,0.29473684210526313,0.07368421052631578,0.010526315789473684,0.031578947368421054,0.09473684210526316,0.08421052631578947,0.10526315789473684,0.09473684210526316,0.05263157894736842,5,6
Icarly,iBalls,7.6,82,81,/title/tt2167671/,0.0975609756097561,0.36585365853658536,0,0,0.024390243902439025,0.04878048780487805,0.012195121951219513,0.24390243902439024,0.12195121951219512,0.08536585365853659,5,7
Icarly,iMeet the First Lady,6.9,119,82,/title/tt2175517/,0.1092436974789916,0.37815126050420167,0,0.025210084033613446,0.07563025210084033,0.05042016806722689,0.06722689075630252,0.09243697478991597,0.12605042016806722,0.07563025210084033,5,8
Icarly,iToe Fat Cakes,7.4,80,83,/title/tt2180261/,0.0625,0.3375,0.025,0.05,0.0125,0.0375,0.075,0.2,0.125,0.075,5,9
Icarly,iApril Fools,6.6,109,84,/title/tt2180263/,0.07228915662650602,0.3132530120481928,0.012048192771084338,0.024096385542168676,0.012048192771084338,0.04819277108433735,0.07228915662650602,0.0963855421686747,0.27710843373493976,0.07228915662650602,6,1
Icarly,iGo One Direction,7.4,258,85,/title/tt2180974/,0.07228915662650602,0.3493975903614458,0.012048192771084338,0,0.03614457831325301,0.07228915662650602,0.04819277108433735,0.12048192771084337,0.20481927710843373,0.08433734939759036,6,2
Icarly,iOpen a Restaurant,7.6,83,86,/title/tt2244661/,0.06976744186046512,0.6124031007751938,0.007751937984496124,0.007751937984496124,0.031007751937984496,0.01937984496124031,0.03875968992248062,0.09689922480620156,0.06976744186046512,0.046511627906976744,6,3
Icarly,iHalfoween,7.5,85,87,/title/tt2294437/,0.07058823529411765,0.3411764705882353,0,0.011764705882352941,0.023529411764705882,0.08235294117647059,0.09411764705882353,0.15294117647058825,0.16470588235294117,0.058823529411764705,6,4
Icarly,iPear Store,7.3,80,88,/title/tt2304451/,0.12844036697247707,0.3486238532110092,0.027522935779816515,0.03669724770642202,0.03669724770642202,0.027522935779816515,0.11009174311926606,0.14678899082568808,0.08256880733944955,0.05504587155963303,6,5
Icarly,iBattle Chip,7.6,83,89,/title/tt2339918/,0.05263157894736842,0.39473684210526316,0,0,0.013157894736842105,0.05263157894736842,0.10526315789473684,0.07894736842105263,0.25,0.05263157894736842,6,6
Icarly,iShock America,8.2,110,90,/title/tt2396319/,0.0875,0.325,0.0125,0.025,0.0125,0.05,0.1,0.1625,0.1625,0.0625,6,7
Icarly,iGet Banned,7.3,69,91,/title/tt2410996/,0.045454545454545456,0.4909090909090909,0.00909090909090909,0.00909090909090909,0.00909090909090909,0.03636363636363636,0.045454545454545456,0.05454545454545454,0.18181818181818182,0.11818181818181818,6,8
Icarly,iFind Spencer Friends,7.6,95,92,/title/tt2449308/,0.08695652173913043,0.2753623188405797,0.014492753623188406,0.014492753623188406,0,0.057971014492753624,0.11594202898550725,0.15942028985507245,0.2028985507246377,0.07246376811594203,6,9
Icarly,iRescue Carly,8,76,93,/title/tt2470918/,0.08421052631578947,0.35789473684210527,0,0.010526315789473684,0.042105263157894736,0.06315789473684211,0.042105263157894736,0.14736842105263157,0.17894736842105263,0.07368421052631578,6,10
Icarly,iLost My Head in Vegas,7.8,70,94,/title/tt2474610/,0.07142857142857142,0.3142857142857143,0,0,0,0.07142857142857142,0.05714285714285714,0.15714285714285714,0.2,0.12857142857142856,6,11
Icarly,iBust a Thief,7.8,72,95,/title/tt2485762/,0.05555555555555555,0.3194444444444444,0,0,0,0.09722222222222222,0.013888888888888888,0.2222222222222222,0.2361111111111111,0.05555555555555555,6,12
Icarly,iGoodbye,9.2,321,96,/title/tt2495724/,0.04672897196261682,0.6635514018691588,0.003115264797507788,0,0.003115264797507788,0.012461059190031152,0.028037383177570093,0.028037383177570093,0.0778816199376947,0.13707165109034267,6,13
Private Practice,Come Rain or Come Shine: From Grey's Anatomy to Private Practice,7.7,127,1,/title/tt1039368/,0.012345679012345678,0.3786008230452675,0.012345679012345678,0.0205761316872428,0.01646090534979424,0.0205761316872428,0.11522633744855967,0.18106995884773663,0.18106995884773663,0.06172839506172839,1,1
Private Practice,"In Which We Meet Addison, a Nice Girl from Somewhere Else",7.7,243,2,/title/tt1039369/,0.005434782608695652,0.3858695652173913,0.010869565217391304,0.010869565217391304,0.005434782608695652,0.02717391304347826,0.08695652173913043,0.15217391304347827,0.19021739130434784,0.125,1,2
Private Practice,In Which Sam Receives an Unexpected Visitor...,7.9,184,3,/title/tt1039370/,0.00641025641025641,0.42948717948717946,0.00641025641025641,0.00641025641025641,0.00641025641025641,0.03205128205128205,0.05128205128205128,0.1794871794871795,0.19230769230769232,0.08974358974358974,1,3
Private Practice,In Which Addison Finds the Magic,7.8,171,4,/title/tt1039372/,0,0.461038961038961,0.006493506493506494,0,0.012987012987012988,0.01948051948051948,0.06493506493506493,0.18181818181818182,0.16233766233766234,0.09090909090909091,1,4
Private Practice,In Which Addison Has a Very Casual Get Together,7.9,156,5,/title/tt1039373/,0,0.4358974358974359,0.01282051282051282,0.00641025641025641,0,0.03205128205128205,0.09615384615384616,0.17307692307692307,0.16025641025641027,0.08333333333333333,1,5
Private Practice,In Which Addison Finds a Showerhead,8,154,6,/title/tt1039374/,0.018518518518518517,0.4691358024691358,0.006172839506172839,0.012345679012345678,0,0.012345679012345678,0.04938271604938271,0.1419753086419753,0.16049382716049382,0.12962962962962962,1,6
Private Practice,In Which Charlotte Goes Down the Rabbit Hole,7.9,156,7,/title/tt1039375/,0.006711409395973154,0.44966442953020136,0,0.006711409395973154,0.013422818791946308,0.020134228187919462,0.06040268456375839,0.1610738255033557,0.15436241610738255,0.12751677852348994,1,7
Private Practice,In Which Sam Gets Taken for a Ride,8.2,162,8,/title/tt1121629/,0,0.4152046783625731,0,0.005847953216374269,0.023391812865497075,0.023391812865497075,0.0935672514619883,0.2046783625730994,0.14035087719298245,0.0935672514619883,1,8
Private Practice,In Which Cooper Finds a Port in His Storm,8.1,149,9,/title/tt1127256/,0.029940119760479042,0.47904191616766467,0.005988023952095809,0.011976047904191617,0.017964071856287425,0.005988023952095809,0.0718562874251497,0.10778443113772455,0.16766467065868262,0.10179640718562874,1,9
Private Practice,In Which Dell Finds His Fight,8,152,10,/title/tt1127260/,0.013157894736842105,0.45394736842105265,0,0,0.019736842105263157,0,0.08552631578947369,0.1513157894736842,0.15789473684210525,0.11842105263157894,1,10
Private Practice,A Family Thing,8,167,11,/title/tt1142707/,0.023622047244094488,0.49606299212598426,0,0.007874015748031496,0.007874015748031496,0.007874015748031496,0.11023622047244094,0.1732283464566929,0.10236220472440945,0.07086614173228346,2,1
Private Practice,Equal & Opposite,7.9,142,12,/title/tt1262803/,0.007042253521126761,0.44366197183098594,0,0.007042253521126761,0.007042253521126761,0.028169014084507043,0.07746478873239436,0.18309859154929578,0.14084507042253522,0.1056338028169014,2,2
Private Practice,Nothing to Talk About,8,141,13,/title/tt1296105/,0.006993006993006993,0.43356643356643354,0,0.02097902097902098,0.006993006993006993,0.013986013986013986,0.06293706293706294,0.15384615384615385,0.1888111888111888,0.11188811188811189,2,3
Private Practice,Past Tense,8,143,14,/title/tt1296317/,0,0.4397163120567376,0.0070921985815602835,0.0070921985815602835,0.014184397163120567,0,0.07801418439716312,0.1702127659574468,0.14893617021276595,0.1347517730496454,2,4
Private Practice,Let It Go,8,141,15,/title/tt1296319/,0.014184397163120567,0.4397163120567376,0,0.028368794326241134,0,0.02127659574468085,0.0425531914893617,0.1276595744680851,0.2198581560283688,0.10638297872340426,2,5
Private Practice,Serving Two Masters,7.9,146,16,/title/tt1296320/,0,0.410958904109589,0.00684931506849315,0.0273972602739726,0.0136986301369863,0.0136986301369863,0.0684931506849315,0.1643835616438356,0.15753424657534246,0.136986301369863,2,6
Private Practice,Tempting Faith,7.9,135,17,/title/tt1296321/,0.022222222222222223,0.43703703703703706,0.007407407407407408,0.007407407407407408,0.014814814814814815,0.007407407407407408,0.044444444444444446,0.2074074074074074,0.14814814814814814,0.1037037037037037,2,7
Private Practice,Crime and Punishment,8,137,18,/title/tt1296322/,0,0.43795620437956206,0,0.014598540145985401,0,0,0.10218978102189781,0.145985401459854,0.15328467153284672,0.145985401459854,2,8
Private Practice,Know When to Fold,7.9,134,19,/title/tt1296323/,0,0.44029850746268656,0.014925373134328358,0.007462686567164179,0.014925373134328358,0,0.04477611940298507,0.20149253731343283,0.14925373134328357,0.12686567164179105,2,9
Private Practice,Worlds Apart,7.9,132,20,/title/tt1331909/,0.014925373134328358,0.4925373134328358,0.007462686567164179,0.014925373134328358,0.022388059701492536,0,0.029850746268656716,0.12686567164179105,0.1417910447761194,0.14925373134328357,2,10
Private Practice,Contamination,7.9,137,21,/title/tt1338911/,0,0.4621212121212121,0.015151515151515152,0.007575757575757576,0.007575757575757576,0.007575757575757576,0.06060606060606061,0.17424242424242425,0.14393939393939395,0.12121212121212122,2,11
Private Practice,Homeward Bound,8.3,145,22,/title/tt1343384/,0,0.45255474452554745,0,0.0072992700729927005,0.014598540145985401,0.014598540145985401,0.058394160583941604,0.18248175182481752,0.145985401459854,0.12408759124087591,2,12
Private Practice,Nothing to Fear,8.3,133,23,/title/tt1343660/,0.020689655172413793,0.4896551724137931,0,0.020689655172413793,0,0.006896551724137931,0.05517241379310345,0.10344827586206896,0.15172413793103448,0.15172413793103448,2,13
Private Practice,Second Chances,7.8,125,24,/title/tt1358349/,0,0.4365079365079365,0.007936507936507936,0.015873015873015872,0.007936507936507936,0.007936507936507936,0.07936507936507936,0.15873015873015872,0.16666666666666666,0.11904761904761904,2,14
Private Practice,Acceptance,8,133,25,/title/tt1360586/,0.007462686567164179,0.44029850746268656,0,0.022388059701492536,0.007462686567164179,0.03731343283582089,0.04477611940298507,0.13432835820895522,0.1865671641791045,0.11940298507462686,2,15
Private Practice,Ex-Life,8.4,161,26,/title/tt1363951/,0.018518518518518517,0.4506172839506173,0.006172839506172839,0.024691358024691357,0.006172839506172839,0,0.04938271604938271,0.11728395061728394,0.12962962962962962,0.19753086419753085,2,16
Private Practice,Wait and See,8.2,138,27,/title/tt1366289/,0,0.475177304964539,0.0070921985815602835,0.02127659574468085,0,0.028368794326241134,0.05673758865248227,0.14184397163120568,0.14184397163120568,0.1276595744680851,2,17
Private Practice,Finishing,8,141,28,/title/tt1368329/,0.014492753623188406,0.47101449275362317,0.007246376811594203,0.014492753623188406,0.014492753623188406,0.007246376811594203,0.036231884057971016,0.15217391304347827,0.15217391304347827,0.13043478260869565,2,18
Private Practice,What Women Want,8.1,132,29,/title/tt1379137/,0.0070921985815602835,0.5106382978723404,0,0.0070921985815602835,0.02127659574468085,0.0070921985815602835,0.0425531914893617,0.11347517730496454,0.1347517730496454,0.15602836879432624,2,19
Private Practice,Do the Right Thing,8.3,141,30,/title/tt1394851/,0.022556390977443608,0.46616541353383456,0.007518796992481203,0.015037593984962405,0.007518796992481203,0.007518796992481203,0.06015037593984962,0.11278195488721804,0.18045112781954886,0.12030075187969924,2,20
Private Practice,What You Do for Love,8,136,31,/title/tt1412358/,0.014705882352941176,0.4411764705882353,0,0,0.029411764705882353,0.007352941176470588,0.051470588235294115,0.16176470588235295,0.16911764705882354,0.125,2,21
Private Practice,"Yours, Mine & Ours",8.6,173,32,/title/tt1421254/,0.05202312138728324,0.5086705202312138,0,0.017341040462427744,0.017341040462427744,0,0.03468208092485549,0.057803468208092484,0.09826589595375723,0.2138728323699422,2,22
Private Practice,A Death in the Family,8.9,174,33,/title/tt1495174/,0.028735632183908046,0.5574712643678161,0,0,0.005747126436781609,0.011494252873563218,0.011494252873563218,0.05172413793103448,0.16666666666666666,0.16666666666666666,3,1
Private Practice,The Way We Were,8.2,138,34,/title/tt1502186/,0.014492753623188406,0.47101449275362317,0,0,0.021739130434782608,0.007246376811594203,0.021739130434782608,0.17391304347826086,0.12318840579710146,0.16666666666666666,3,2
Private Practice,"Right Here, Right Now",8.5,136,35,/title/tt1518749/,0.029411764705882353,0.5294117647058824,0,0,0.007352941176470588,0,0.03676470588235294,0.09558823529411764,0.15441176470588236,0.14705882352941177,3,3
Private Practice,Pushing the Limits,8.3,125,36,/title/tt1526925/,0.016,0.496,0,0,0.016,0,0.016,0.152,0.184,0.12,3,4
Private Practice,Strange Bedfellows,8.4,129,37,/title/tt1532760/,0.023255813953488372,0.4883720930232558,0,0.015503875968992248,0.023255813953488372,0,0.015503875968992248,0.10852713178294573,0.14728682170542637,0.17829457364341086,3,5
Private Practice,Slip Slidin' Away,8.1,126,38,/title/tt1533476/,0,0.5,0.007936507936507936,0,0.015873015873015872,0.023809523809523808,0.03968253968253968,0.15079365079365079,0.18253968253968253,0.07936507936507936,3,6
Private Practice,The Hard Part,8.6,145,39,/title/tt1539436/,0,0.515625,0.0078125,0.0078125,0.0234375,0,0.03125,0.140625,0.15625,0.1171875,3,7
Private Practice,Sins of the Father,8.3,128,40,/title/tt1539437/,0.034482758620689655,0.5379310344827586,0,0,0.013793103448275862,0,0.020689655172413793,0.09655172413793103,0.11724137931034483,0.1793103448275862,3,8
Private Practice,The Parent Trap,8.2,122,41,/title/tt1544348/,0.01639344262295082,0.5,0,0.00819672131147541,0.01639344262295082,0,0.040983606557377046,0.13934426229508196,0.1885245901639344,0.09016393442622951,3,9
Private Practice,Blowups,8.5,132,42,/title/tt1546921/,0.030303030303030304,0.5227272727272727,0,0.007575757575757576,0.015151515151515152,0.007575757575757576,0.015151515151515152,0.07575757575757576,0.1893939393939394,0.13636363636363635,3,10
Private Practice,Another Second Chance,8.3,121,43,/title/tt1568572/,0.01652892561983471,0.5206611570247934,0.008264462809917356,0.008264462809917356,0.024793388429752067,0.008264462809917356,0.01652892561983471,0.14049586776859505,0.14049586776859505,0.11570247933884298,3,11
Private Practice,Best Laid Plans,8.1,117,44,/title/tt1579093/,0.01639344262295082,0.4918032786885246,0.00819672131147541,0.00819672131147541,0.00819672131147541,0.02459016393442623,0.02459016393442623,0.1557377049180328,0.1557377049180328,0.10655737704918032,3,12
Private Practice,Shotgun,8.3,122,45,/title/tt1579094/,0.03418803418803419,0.48717948717948717,0.017094017094017096,0.008547008547008548,0,0.008547008547008548,0.008547008547008548,0.17094017094017094,0.11965811965811966,0.1452991452991453,3,13
Private Practice,Love Bites,8,122,46,/title/tt1586151/,0.03278688524590164,0.5081967213114754,0.01639344262295082,0,0.01639344262295082,0,0.01639344262295082,0.11475409836065574,0.18032786885245902,0.11475409836065574,3,14
Private Practice,'Til Death Do Us Part,8.1,119,47,/title/tt1594370/,0.01680672268907563,0.453781512605042,0.008403361344537815,0.008403361344537815,0.008403361344537815,0,0.04201680672268908,0.1092436974789916,0.21008403361344538,0.14285714285714285,3,15
Private Practice,Fear of Flying,8.1,119,48,/title/tt1605412/,0.008403361344537815,0.4789915966386555,0,0.008403361344537815,0,0,0.04201680672268908,0.16806722689075632,0.16806722689075632,0.12605042016806722,3,16
Private Practice,Triangles,8.2,123,49,/title/tt1605413/,0.024390243902439025,0.4878048780487805,0,0.016260162601626018,0.024390243902439025,0.016260162601626018,0.008130081300813009,0.0975609756097561,0.1951219512195122,0.13008130081300814,3,17
Private Practice,Pulling the Plug,8.4,120,50,/title/tt1613583/,0.025,0.5083333333333333,0,0.016666666666666666,0,0.016666666666666666,0.008333333333333333,0.1,0.14166666666666666,0.18333333333333332,3,18
Private Practice,Eyes Wide Open,8.6,131,51,/title/tt1621335/,0.007633587786259542,0.5572519083969466,0,0.007633587786259542,0.007633587786259542,0,0.022900763358778626,0.10687022900763359,0.12213740458015267,0.16793893129770993,3,19
Private Practice,Second Choices,8.2,118,52,/title/tt1631625/,0.00847457627118644,0.4745762711864407,0,0.025423728813559324,0.00847457627118644,0,0.025423728813559324,0.15254237288135594,0.1694915254237288,0.13559322033898305,3,20
Private Practice,War,8.6,130,53,/title/tt1644857/,0.029850746268656716,0.4925373134328358,0,0.022388059701492536,0,0.007462686567164179,0.014925373134328358,0.11194029850746269,0.15671641791044777,0.16417910447761194,3,21
Private Practice,In the Name of Love,8.4,134,54,/title/tt1644858/,0.03355704697986577,0.5973154362416108,0,0,0.013422818791946308,0.006711409395973154,0.013422818791946308,0.04697986577181208,0.11409395973154363,0.174496644295302,3,22
Private Practice,The End of a Beautiful Friendship,8.9,149,55,/title/tt1644859/,0.015384615384615385,0.5692307692307692,0.007692307692307693,0.007692307692307693,0.007692307692307693,0.007692307692307693,0.007692307692307693,0.1076923076923077,0.12307692307692308,0.14615384615384616,3,23
Private Practice,Take Two,8,136,56,/title/tt1708873/,0.022058823529411766,0.4632352941176471,0,0.007352941176470588,0.007352941176470588,0.022058823529411766,0.058823529411764705,0.14705882352941177,0.15441176470588236,0.11764705882352941,4,1
Private Practice,Short Cuts,8.1,125,57,/title/tt1710095/,0.016260162601626018,0.4634146341463415,0,0.016260162601626018,0,0.04878048780487805,0.024390243902439025,0.16260162601626016,0.15447154471544716,0.11382113821138211,4,2
Private Practice,Playing God,8,123,58,/title/tt1728059/,0.016,0.464,0,0.016,0.016,0,0.024,0.192,0.144,0.128,4,3
Private Practice,A Better Place to Be,8,128,59,/title/tt1733959/,0.015625,0.4765625,0.0078125,0.0078125,0.015625,0.0078125,0.0390625,0.140625,0.171875,0.1171875,4,4
Private Practice,In or Out,8.1,122,60,/title/tt1737530/,0.036231884057971016,0.4927536231884058,0.007246376811594203,0,0.007246376811594203,0.007246376811594203,0.014492753623188406,0.06521739130434782,0.1956521739130435,0.17391304347826086,4,5
Private Practice,All in the Family,8.5,137,61,/title/tt1738080/,0.016260162601626018,0.4959349593495935,0.008130081300813009,0.008130081300813009,0,0.008130081300813009,0.008130081300813009,0.18699186991869918,0.17073170731707318,0.0975609756097561,4,6
Private Practice,Did You Hear What Happened to Charlotte King?,9.1,220,62,/title/tt1751448/,0.02262443438914027,0.6606334841628959,0,0,0.00904977375565611,0.00904977375565611,0.004524886877828055,0.03619909502262444,0.09502262443438914,0.16289592760180996,4,7
Private Practice,What Happens Next,8.3,138,63,/title/tt1751449/,0.02158273381294964,0.4748201438848921,0,0.007194244604316547,0,0.014388489208633094,0.014388489208633094,0.12949640287769784,0.18705035971223022,0.1510791366906475,4,8
Private Practice,Can't Find My Way Back Home,8.3,121,64,/title/tt1763860/,0,0.5245901639344263,0.00819672131147541,0.01639344262295082,0.00819672131147541,0,0.01639344262295082,0.13934426229508196,0.18032786885245902,0.10655737704918032,4,9
Private Practice,Just Lose It,8.2,124,65,/title/tt1770196/,0.008,0.496,0.008,0.008,0.008,0.032,0.016,0.168,0.128,0.128,4,10
Private Practice,If You Don't Know Me by Now,8.1,121,66,/title/tt1781578/,0.008333333333333333,0.48333333333333334,0,0,0.025,0.008333333333333333,0.016666666666666666,0.15833333333333333,0.19166666666666668,0.10833333333333334,4,11
Private Practice,Heaven Can Wait,8.1,119,67,/title/tt1794456/,0,0.52,0.016,0.016,0,0,0.008,0.104,0.168,0.168,4,12
Private Practice,Blind Love,8.5,124,68,/title/tt1795415/,0.00819672131147541,0.5,0,0.01639344262295082,0.01639344262295082,0.00819672131147541,0.01639344262295082,0.1557377049180328,0.18032786885245902,0.09836065573770492,4,13
Private Practice,Home Again,8.3,119,69,/title/tt1831341/,0,0.525,0.008333333333333333,0.016666666666666666,0.016666666666666666,0,0.025,0.10833333333333334,0.16666666666666666,0.13333333333333333,4,14
Private Practice,Two Steps Back,8,121,70,/title/tt1836581/,0,0.47540983606557374,0.00819672131147541,0.01639344262295082,0.00819672131147541,0.01639344262295082,0.01639344262295082,0.16393442622950818,0.1885245901639344,0.10655737704918032,4,15
Private Practice,Love and Lies,8,116,71,/title/tt1842920/,0.008333333333333333,0.5333333333333333,0,0,0.025,0.008333333333333333,0.016666666666666666,0.125,0.16666666666666666,0.11666666666666667,4,16
Private Practice,A Step Too Far,8.3,119,72,/title/tt1858690/,0,0.47863247863247865,0,0.02564102564102564,0,0,0.05128205128205128,0.1623931623931624,0.17094017094017094,0.1111111111111111,4,17
Private Practice,The Hardest Part,8.1,113,73,/title/tt1861015/,0.025210084033613446,0.4957983193277311,0.008403361344537815,0.008403361344537815,0.008403361344537815,0.01680672268907563,0.04201680672268908,0.12605042016806722,0.13445378151260504,0.13445378151260504,4,18
Private Practice,What We Have Here...,7.8,116,74,/title/tt1861016/,0,0.5,0,0.008771929824561403,0,0.008771929824561403,0.06140350877192982,0.13157894736842105,0.18421052631578946,0.10526315789473684,4,19
Private Practice,"Something Old, Something New",8,118,75,/title/tt1875705/,0.01639344262295082,0.45901639344262296,0.00819672131147541,0.00819672131147541,0.01639344262295082,0.00819672131147541,0.04918032786885246,0.10655737704918032,0.18032786885245902,0.14754098360655737,4,20
Private Practice,God Bless the Child,8.2,121,76,/title/tt1875706/,0,0.5564516129032258,0,0.008064516129032258,0.008064516129032258,0.024193548387096774,0.016129032258064516,0.12903225806451613,0.12903225806451613,0.12903225806451613,4,21
Private Practice,...To Change the Things I Can,8.5,123,77,/title/tt1900440/,0.02564102564102564,0.48717948717948717,0.008547008547008548,0.008547008547008548,0.017094017094017096,0.02564102564102564,0.02564102564102564,0.1452991452991453,0.1452991452991453,0.1111111111111111,4,22
Private Practice,God Laughs,8.3,123,78,/title/tt2016657/,0,0.5040650406504065,0,0.008130081300813009,0.008130081300813009,0,0.032520325203252036,0.16260162601626016,0.13821138211382114,0.14634146341463414,5,1
Private Practice,Breaking the Rules,8.1,117,79,/title/tt2021824/,0.008547008547008548,0.48717948717948717,0,0.008547008547008548,0.008547008547008548,0.008547008547008548,0.05128205128205128,0.1794871794871795,0.13675213675213677,0.1111111111111111,5,2
Private Practice,Deal with It,8.1,116,80,/title/tt2070363/,0.008620689655172414,0.46551724137931033,0,0.008620689655172414,0.008620689655172414,0.034482758620689655,0.034482758620689655,0.11206896551724138,0.1896551724137931,0.13793103448275862,5,3
Private Practice,Remember Me,8.3,124,81,/title/tt2080047/,0.024193548387096774,0.5,0,0,0.008064516129032258,0.008064516129032258,0.03225806451612903,0.11290322580645161,0.1935483870967742,0.12096774193548387,5,4
Private Practice,Step One,7.8,122,82,/title/tt2080932/,0.02459016393442623,0.5,0.00819672131147541,0.01639344262295082,0,0.01639344262295082,0.04918032786885246,0.13114754098360656,0.1721311475409836,0.08196721311475409,5,5
Private Practice,If I Hadn't Forgotten...,8.3,115,83,/title/tt2088468/,0.008695652173913044,0.5391304347826087,0.008695652173913044,0,0.008695652173913044,0.008695652173913044,0.02608695652173913,0.1391304347826087,0.16521739130434782,0.09565217391304348,5,6
Private Practice,Don't Stop 'Till You Get Enough,8.2,122,84,/title/tt2095367/,0.02459016393442623,0.5163934426229508,0.00819672131147541,0,0.00819672131147541,0,0.02459016393442623,0.1557377049180328,0.1557377049180328,0.10655737704918032,5,7
Private Practice,Who We Are,8.9,176,85,/title/tt2095368/,0.02054794520547945,0.5547945205479452,0,0,0.00684931506849315,0,0.0273972602739726,0.07534246575342465,0.18493150684931506,0.13013698630136986,5,8
Private Practice,The Breaking Point,8.6,146,86,/title/tt2095369/,0.022727272727272728,0.6079545454545454,0.005681818181818182,0.005681818181818182,0.005681818181818182,0,0.005681818181818182,0.056818181818181816,0.10795454545454546,0.18181818181818182,5,9
Private Practice,Are You My Mother?,8,122,87,/title/tt2117502/,0.017543859649122806,0.5,0.008771929824561403,0.017543859649122806,0.008771929824561403,0.008771929824561403,0.06140350877192982,0.14035087719298245,0.12280701754385964,0.11403508771929824,5,10
Private Practice,The Standing Eight Count,8.1,121,88,/title/tt2153519/,0,0.5,0,0.00819672131147541,0,0.00819672131147541,0.04918032786885246,0.18032786885245902,0.1557377049180328,0.09836065573770492,5,11
Private Practice,Losing Battles,8.6,120,89,/title/tt2159675/,0.016666666666666666,0.5333333333333333,0,0,0.008333333333333333,0.008333333333333333,0,0.13333333333333333,0.16666666666666666,0.13333333333333333,5,12
Private Practice,The Time Has Come,8.3,121,90,/title/tt2159677/,0,0.49586776859504134,0.008264462809917356,0.008264462809917356,0,0,0.024793388429752067,0.15702479338842976,0.18181818181818182,0.12396694214876033,5,13
Private Practice,Too Much,8.3,117,91,/title/tt2159679/,0.01652892561983471,0.512396694214876,0.008264462809917356,0.008264462809917356,0.008264462809917356,0.01652892561983471,0.01652892561983471,0.1322314049586777,0.1652892561983471,0.11570247933884298,5,14
Private Practice,You Break My Heart,8.6,130,92,/title/tt2220421/,0.007692307692307693,0.5923076923076923,0,0,0.03076923076923077,0,0.015384615384615385,0.08461538461538462,0.16153846153846155,0.1076923076923077,5,15
Private Practice,Andromeda,8.4,121,93,/title/tt2230399/,0.017094017094017096,0.5042735042735043,0,0.008547008547008548,0.008547008547008548,0.008547008547008548,0.017094017094017096,0.1282051282051282,0.1794871794871795,0.1282051282051282,5,16
Private Practice,The Letting Go,8.1,121,94,/title/tt2239955/,0.01652892561983471,0.5454545454545454,0.008264462809917356,0,0.008264462809917356,0.008264462809917356,0.008264462809917356,0.12396694214876033,0.1652892561983471,0.11570247933884298,5,17
Private Practice,It Was Inevitable,8.3,127,95,/title/tt2268246/,0.033783783783783786,0.527027027027027,0,0.006756756756756757,0.006756756756756757,0.02702702702702703,0.0472972972972973,0.12162162162162163,0.10810810810810811,0.12162162162162163,5,18
Private Practice,And Then There Was One,8.2,115,96,/title/tt2299037/,0.007874015748031496,0.5590551181102362,0.007874015748031496,0,0.007874015748031496,0.007874015748031496,0.031496062992125984,0.12598425196850394,0.13385826771653545,0.11811023622047244,5,19
Private Practice,True Colors,8.1,110,97,/title/tt2307793/,0,0.5206611570247934,0,0.01652892561983471,0,0.008264462809917356,0.05785123966942149,0.11570247933884298,0.15702479338842976,0.12396694214876033,5,20
Private Practice,Drifting Back,7.8,114,98,/title/tt2338490/,0.015384615384615385,0.5230769230769231,0,0,0.007692307692307693,0.007692307692307693,0.06153846153846154,0.1076923076923077,0.12307692307692308,0.15384615384615385,5,21
Private Practice,"Gone, Baby, Gone",8.5,130,99,/title/tt2367807/,0.02608695652173913,0.5043478260869565,0.008695652173913044,0,0.008695652173913044,0.02608695652173913,0.008695652173913044,0.1391304347826087,0.1826086956521739,0.09565217391304348,5,22
Private Practice,Aftershock,8.2,148,100,/title/tt2367809/,0,0.509090909090909,0,0.00909090909090909,0.00909090909090909,0.00909090909090909,0.03636363636363636,0.15454545454545454,0.16363636363636364,0.10909090909090909,6,1
Private Practice,Mourning Sickness,8.4,130,101,/title/tt2368602/,0.0078125,0.5234375,0.0078125,0,0.0078125,0.0078125,0.015625,0.125,0.140625,0.1640625,6,2
Private Practice,Good Grief,8,123,102,/title/tt2385753/,0.015384615384615385,0.5615384615384615,0.007692307692307693,0,0.015384615384615385,0,0.015384615384615385,0.11538461538461539,0.12307692307692308,0.14615384615384616,6,3
Private Practice,You Don't Know What You've Got Til It's Gone,8.5,128,103,/title/tt2416036/,0.024390243902439025,0.4959349593495935,0.008130081300813009,0,0.016260162601626018,0.008130081300813009,0.056910569105691054,0.11382113821138211,0.16260162601626016,0.11382113821138211,6,4
Private Practice,The Next Episode,7.6,108,104,/title/tt2466662/,0.03361344537815126,0.4789915966386555,0.008403361344537815,0.01680672268907563,0.008403361344537815,0.008403361344537815,0.04201680672268908,0.07563025210084033,0.15966386554621848,0.16806722689075632,6,5
Private Practice,Apron Strings,8.3,119,105,/title/tt2494316/,0.02608695652173913,0.4782608695652174,0.008695652173913044,0.008695652173913044,0,0.008695652173913044,0.0782608695652174,0.11304347826086956,0.12173913043478261,0.1565217391304348,6,6
Private Practice,The World According to Jake,8,115,106,/title/tt2519672/,0.02654867256637168,0.49557522123893805,0,0.017699115044247787,0,0.008849557522123894,0.05309734513274336,0.10619469026548672,0.12389380530973451,0.168141592920354,6,7
Private Practice,Life Support,8.1,113,107,/title/tt2519674/,0.007751937984496124,0.6201550387596899,0,0.007751937984496124,0,0.007751937984496124,0.031007751937984496,0.07751937984496124,0.08527131782945736,0.16279069767441862,6,8
Private Practice,I'm Fine,8.8,129,108,/title/tt2519678/,0.01652892561983471,0.5206611570247934,0.01652892561983471,0.008264462809917356,0.01652892561983471,0,0.024793388429752067,0.11570247933884298,0.11570247933884298,0.1652892561983471,6,9
Private Practice,Georgia on My Mind,8.4,121,109,/title/tt2519682/,0.008403361344537815,0.5882352941176471,0,0.01680672268907563,0.008403361344537815,0.008403361344537815,0.03361344537815126,0.08403361344537816,0.12605042016806722,0.12605042016806722,6,10
Private Practice,Good Fries Are Hard to Come By,8.5,119,110,/title/tt2519684/,0.05263157894736842,0.543859649122807,0.008771929824561403,0.008771929824561403,0,0,0.03508771929824561,0.09649122807017543,0.14912280701754385,0.10526315789473684,6,11
Private Practice,Full Release,8,114,111,/title/tt2519686/,0.0064516129032258064,0.5612903225806452,0,0.012903225806451613,0.012903225806451613,0.012903225806451613,0.01935483870967742,0.07096774193548387,0.1032258064516129,0.2,6,12
Private Practice,In Which We Say Goodbye,8.7,155,112,/title/tt2521818/,0.027777777777777776,0.48148148148148145,0.018518518518518517,0.018518518518518517,0.009259259259259259,0.046296296296296294,0.05555555555555555,0.12037037037037036,0.1111111111111111,0.1111111111111111,6,13
Skins US,Tony,8.2,802,1,/title/tt0939424/,0.01371571072319202,0.2805486284289277,0.007481296758104738,0.003740648379052369,0.007481296758104738,0.0199501246882793,0.05486284289276808,0.12718204488778054,0.2743142144638404,0.21072319201995013,1,1
Skins US,Cassie,8.7,731,2,/title/tt0946638/,0.01094391244870041,0.36114911080711354,0.008207934336525308,0.0027359781121751026,0.006839945280437756,0.016415868673050615,0.030095759233926128,0.08071135430916553,0.2079343365253078,0.2749658002735978,1,2
Skins US,Jal,7.6,556,3,/title/tt0946639/,0.012589928057553957,0.1510791366906475,0.007194244604316547,0.007194244604316547,0.019784172661870502,0.039568345323741004,0.09892086330935251,0.22122302158273383,0.32194244604316546,0.12050359712230216,1,3
Skins US,Chris,8.3,572,4,/title/tt0946640/,0.006993006993006993,0.28146853146853146,0.0034965034965034965,0.0034965034965034965,0.008741258741258742,0.019230769230769232,0.04195804195804196,0.1451048951048951,0.2534965034965035,0.23601398601398602,1,4
Skins US,Sid,8.4,548,5,/title/tt0946641/,0.009124087591240875,0.2664233576642336,0.0036496350364963502,0.0072992700729927005,0.0072992700729927005,0.020072992700729927,0.02737226277372263,0.12043795620437957,0.2737226277372263,0.2645985401459854,1,5
Skins US,Maxxie and Anwar,8.5,606,6,/title/tt0946642/,0.0165016501650165,0.3415841584158416,0.00825082508250825,0.0049504950495049506,0.01155115511551155,0.024752475247524754,0.0429042904290429,0.10396039603960396,0.20957095709570958,0.23597359735973597,1,6
Skins US,Michelle,8.1,495,7,/title/tt0946643/,0.010080645161290322,0.18346774193548387,0.004032258064516129,0.010080645161290322,0.006048387096774193,0.008064516129032258,0.04435483870967742,0.1774193548387097,0.38306451612903225,0.17338709677419356,1,7
Skins US,Effy,8.8,598,8,/title/tt0946644/,0.011705685618729096,0.3879598662207358,0.0016722408026755853,0.0033444816053511705,0.005016722408026756,0.013377926421404682,0.026755852842809364,0.07525083612040134,0.17558528428093645,0.2993311036789298,1,8
Skins US,Finale,9.2,698,9,/title/tt0946645/,0.014326647564469915,0.5687679083094556,0.0028653295128939827,0.0028653295128939827,0.0014326647564469914,0.004297994269340974,0.015759312320916905,0.04011461318051576,0.12177650429799428,0.22779369627507162,1,9
Skins US,Tony and Maxxie,8.4,525,10,/title/tt1182824/,0.009523809523809525,0.2761904761904762,0.007619047619047619,0.009523809523809525,0.0019047619047619048,0.017142857142857144,0.04,0.11428571428571428,0.2761904761904762,0.24761904761904763,2,1
Skins US,Sketch,8.1,479,11,/title/tt1188337/,0.022964509394572025,0.22129436325678498,0.012526096033402923,0.014613778705636743,0.0041753653444676405,0.027139874739039668,0.07306889352818371,0.16075156576200417,0.2567849686847599,0.20668058455114824,2,2
Skins US,Sid,8.8,528,12,/title/tt1190053/,0.017045454545454544,0.4412878787878788,0.003787878787878788,0.003787878787878788,0.001893939393939394,0.007575757575757576,0.026515151515151516,0.0928030303030303,0.16098484848484848,0.24431818181818182,2,3
Skins US,Michelle,8.4,426,13,/title/tt1190054/,0.01643192488262911,0.23708920187793428,0.007042253521126761,0.002347417840375587,0.002347417840375587,0.011737089201877934,0.04460093896713615,0.1267605633802817,0.2535211267605634,0.2981220657276995,2,4
Skins US,Chris,8.7,462,14,/title/tt1199250/,0.017316017316017316,0.36796536796536794,0.006493506493506494,0.0021645021645021645,0.004329004329004329,0.010822510822510822,0.02813852813852814,0.07575757575757576,0.2012987012987013,0.2857142857142857,2,5
Skins US,Tony,8.3,498,15,/title/tt1204677/,0.014056224899598393,0.3072289156626506,0.012048192771084338,0.006024096385542169,0.012048192771084338,0.024096385542168676,0.04216867469879518,0.10240963855421686,0.28112449799196787,0.19879518072289157,2,6
Skins US,Effy,8.7,478,16,/title/tt1204868/,0.012552301255230125,0.3723849372384937,0.006276150627615063,0.0020920502092050207,0.008368200836820083,0.006276150627615063,0.03347280334728033,0.06694560669456066,0.19665271966527198,0.29497907949790797,2,7
Skins US,Jal,8.3,406,17,/title/tt1211741/,0.017241379310344827,0.2438423645320197,0.0049261083743842365,0.0049261083743842365,0.007389162561576354,0.014778325123152709,0.04187192118226601,0.11576354679802955,0.27586206896551724,0.2733990147783251,2,8
Skins US,Cassie,9,542,18,/title/tt1215375/,0.016605166051660517,0.4870848708487085,0.007380073800738007,0.005535055350553505,0.005535055350553505,0.005535055350553505,0.01845018450184502,0.05166051660516605,0.13837638376383765,0.26383763837638374,2,9
Skins US,Everyone,9.3,657,19,/title/tt1215759/,0.0197869101978691,0.6103500761035008,0.0030441400304414,0.0030441400304414,0.0045662100456621,0.0045662100456621,0.0213089802130898,0.0258751902587519,0.0821917808219178,0.2252663622526636,2,10
Skins US,Everyone,7.7,479,20,/title/tt1360617/,0.031315240083507306,0.22755741127348644,0.020876826722338204,0.014613778705636743,0.031315240083507306,0.025052192066805846,0.0918580375782881,0.1732776617954071,0.22755741127348644,0.15657620041753653,3,1
Skins US,Cook,7.1,445,21,/title/tt1363309/,0.04269662921348315,0.20898876404494382,0.01348314606741573,0.029213483146067417,0.02696629213483146,0.08089887640449438,0.13258426966292136,0.22696629213483147,0.15056179775280898,0.08764044943820225,3,2
Skins US,Thomas,7.8,400,22,/title/tt1363310/,0.012048192771084338,0.3036144578313253,0.012048192771084338,0.004819277108433735,0.007228915662650603,0.033734939759036145,0.04096385542168675,0.09879518072289156,0.2289156626506024,0.25783132530120484,3,3
Skins US,Pandora,8.4,415,23,/title/tt1363311/,0.0275,0.175,0.0175,0.01,0.0225,0.03,0.0925,0.1725,0.2875,0.165,3,4
Skins US,Freddie,8,393,24,/title/tt1368368/,0.020785219399538105,0.40415704387990764,0.004618937644341801,0.0023094688221709007,0.020785219399538105,0.023094688221709007,0.03002309468822171,0.06928406466512702,0.17090069284064666,0.2540415704387991,3,5
Skins US,Naomi,8.3,443,25,/title/tt1368369/,0.02857142857142857,0.2057142857142857,0.008571428571428572,0.025714285714285714,0.014285714285714285,0.037142857142857144,0.08571428571428572,0.20857142857142857,0.26285714285714284,0.12285714285714286,3,6
Skins US,JJ,8.7,433,26,/title/tt1368370/,0.030534351145038167,0.272264631043257,0.007633587786259542,0.010178117048346057,0.017811704834605598,0.04071246819338423,0.058524173027989825,0.15776081424936386,0.2697201017811705,0.13486005089058525,3,7
Skins US,Effy,8.4,401,27,/title/tt1368371/,0.02617801047120419,0.35340314136125656,0.005235602094240838,0.005235602094240838,0.007853403141361256,0.020942408376963352,0.020942408376963352,0.09424083769633508,0.23298429319371727,0.23298429319371727,3,8
Skins US,Katie and Emily,8.5,382,28,/title/tt1368372/,0.022573363431151242,0.32054176072234764,0.006772009029345372,0.002257336343115124,0.009029345372460496,0.02708803611738149,0.03611738148984198,0.11286681715575621,0.24830699774266365,0.2144469525959368,3,9
Skins US,Finale,7.7,350,29,/title/tt1368802/,0.0199501246882793,0.33915211970074816,0.012468827930174564,0.0024937655860349127,0.012468827930174564,0.02743142144638404,0.02743142144638404,0.08478802992518704,0.26184538653366585,0.2119700748129676,3,10
Skins US,Thomas,7.2,332,30,/title/tt1593577/,0.02710843373493976,0.1686746987951807,0.030120481927710843,0.018072289156626505,0.02108433734939759,0.05421686746987952,0.13253012048192772,0.27710843373493976,0.1927710843373494,0.0783132530120482,4,1
Skins US,Emily,8.4,341,31,/title/tt1596294/,0.01466275659824047,0.3225806451612903,0.008797653958944282,0.002932551319648094,0.01466275659824047,0.03225806451612903,0.06158357771260997,0.09970674486803519,0.24926686217008798,0.1935483870967742,4,2
Skins US,Cook,8.5,357,32,/title/tt1597462/,0.014005602240896359,0.35294117647058826,0.008403361344537815,0.011204481792717087,0.008403361344537815,0.025210084033613446,0.047619047619047616,0.08123249299719888,0.20168067226890757,0.24929971988795518,4,3
Skins US,Katie,8.6,333,33,/title/tt1597463/,0.027624309392265192,0.3259668508287293,0.013812154696132596,0.016574585635359115,0.011049723756906077,0.03591160220994475,0.03591160220994475,0.0856353591160221,0.212707182320442,0.23480662983425415,4,4
Skins US,Freddie,7.9,375,34,/title/tt1597464/,0.04632152588555858,0.2888283378746594,0.01634877384196185,0.01634877384196185,0.01907356948228883,0.03814713896457766,0.09264305177111716,0.12806539509536785,0.19346049046321526,0.16076294277929154,4,5
Skins US,JJ,8,321,35,/title/tt1597465/,0.034666666666666665,0.32266666666666666,0.013333333333333334,0.0026666666666666666,0.021333333333333333,0.037333333333333336,0.06666666666666667,0.14133333333333334,0.22666666666666666,0.13333333333333333,4,6
Skins US,Effy,8.2,362,36,/title/tt1597466/,0.028037383177570093,0.24610591900311526,0.006230529595015576,0.012461059190031152,0.009345794392523364,0.04361370716510903,0.06230529595015576,0.12149532710280374,0.308411214953271,0.16199376947040497,4,7
Skins US,Everyone,7.9,367,37,/title/tt1597467/,0.018018018018018018,0.39039039039039036,0.012012012012012012,0.006006006006006006,0.015015015015015015,0.012012012012012012,0.05105105105105105,0.07507507507507508,0.23123123123123124,0.1891891891891892,4,8
Skins US,Franky,7.2,253,38,/title/tt1728826/,0.05511811023622047,0.19291338582677164,0.023622047244094488,0.027559055118110236,0.015748031496062992,0.07874015748031496,0.12598425196850394,0.18503937007874016,0.2047244094488189,0.09055118110236221,5,1
Skins US,Rich,7.3,221,39,/title/tt1759379/,0.05855855855855856,0.1981981981981982,0.0045045045045045045,0.02252252252252252,0.013513513513513514,0.06756756756756757,0.10810810810810811,0.21621621621621623,0.17567567567567569,0.13513513513513514,5,2
Skins US,Mini,7.6,241,40,/title/tt1759380/,0.05394190871369295,0.24481327800829875,0.016597510373443983,0.012448132780082987,0.02074688796680498,0.04149377593360996,0.07053941908713693,0.23236514522821577,0.17427385892116182,0.13278008298755187,5,3
Skins US,Liv,7.1,220,41,/title/tt1759381/,0.05909090909090909,0.16818181818181818,0.004545454545454545,0.013636363636363636,0.04090909090909091,0.05454545454545454,0.15454545454545454,0.22272727272727272,0.17272727272727273,0.10909090909090909,5,4
Skins US,Nick,7.2,209,42,/title/tt1759382/,0.04784688995215311,0.1722488038277512,0.014354066985645933,0.014354066985645933,0.028708133971291867,0.04784688995215311,0.14832535885167464,0.22966507177033493,0.22488038277511962,0.07177033492822966,5,5
Skins US,Alo,7.4,211,43,/title/tt1759383/,0.052132701421800945,0.16587677725118483,0.009478672985781991,0.014218009478672985,0.02843601895734597,0.03317535545023697,0.0947867298578199,0.23222748815165878,0.22748815165876776,0.14218009478672985,5,6
Skins US,Grace,7.5,215,44,/title/tt1759384/,0.05581395348837209,0.20930232558139536,0.004651162790697674,0.013953488372093023,0.013953488372093023,0.04186046511627907,0.10232558139534884,0.19069767441860466,0.2186046511627907,0.14883720930232558,5,7
Skins US,Everyone,8,226,45,/title/tt1759385/,0.03982300884955752,0.3008849557522124,0.004424778761061947,0.022123893805309734,0.022123893805309734,0.04424778761061947,0.035398230088495575,0.14601769911504425,0.19911504424778761,0.18584070796460178,5,8
Skins US,Everyone,7.7,242,46,/title/tt2061439/,0.045454545454545456,0.2066115702479339,0,0.024793388429752067,0.012396694214876033,0.03305785123966942,0.06611570247933884,0.15702479338842976,0.29338842975206614,0.16115702479338842,6,1
Skins US,Rich,8.1,251,47,/title/tt2061440/,0.03669724770642202,0.3532110091743119,0.022935779816513763,0.009174311926605505,0.022935779816513763,0.01834862385321101,0.05504587155963303,0.09174311926605505,0.19724770642201836,0.1926605504587156,6,2
Skins US,Alex,7.6,213,48,/title/tt2061441/,0.0398406374501992,0.3665338645418327,0.00796812749003984,0.0199203187250996,0.01593625498007968,0.01195219123505976,0.05976095617529881,0.10358565737051793,0.1553784860557769,0.21912350597609562,6,3
Skins US,Franky,7.2,212,49,/title/tt2061442/,0.04225352112676056,0.20657276995305165,0.009389671361502348,0.018779342723004695,0.009389671361502348,0.028169014084507043,0.09859154929577464,0.18309859154929578,0.26291079812206575,0.14084507042253522,6,4
Skins US,Mini,7.9,189,50,/title/tt2061443/,0.06132075471698113,0.24056603773584906,0.009433962264150943,0.02358490566037736,0.02358490566037736,0.0660377358490566,0.09433962264150944,0.14150943396226415,0.20754716981132076,0.1320754716981132,6,5
Skins US,Nick,7.2,174,51,/title/tt2061444/,0.047619047619047616,0.2328042328042328,0.005291005291005291,0.010582010582010581,0.005291005291005291,0.037037037037037035,0.0582010582010582,0.15343915343915343,0.25396825396825395,0.19576719576719576,6,6
Skins US,Alo,7.8,190,52,/title/tt2061445/,0.05172413793103448,0.1724137931034483,0.028735632183908046,0.005747126436781609,0.017241379310344827,0.040229885057471264,0.15517241379310345,0.22413793103448276,0.21839080459770116,0.08620689655172414,6,7
Skins US,Liv,7.5,188,53,/title/tt2061446/,0.04736842105263158,0.25263157894736843,0.005263157894736842,0.010526315789473684,0.02631578947368421,0,0.08947368421052632,0.18947368421052632,0.19473684210526315,0.18421052631578946,6,8
Skins US,Mini and Franky,7.6,180,54,/title/tt2061447/,0.06382978723404255,0.23404255319148937,0.005319148936170213,0.015957446808510637,0.015957446808510637,0.0425531914893617,0.09574468085106383,0.16489361702127658,0.21808510638297873,0.14361702127659576,6,9
Skins US,Finale,8.2,218,55,/title/tt2061448/,0.07777777777777778,0.18888888888888888,0.005555555555555556,0.016666666666666666,0.016666666666666666,0.03333333333333333,0.06111111111111111,0.13333333333333333,0.26666666666666666,0.2,6,10
Skins US,Fire: Part 1,8.1,631,56,/title/tt2353161/,0.01834862385321101,0.24464831804281345,0.01529051987767584,0.012232415902140673,0.027522935779816515,0.05504587155963303,0.13761467889908258,0.14984709480122324,0.21406727828746178,0.12538226299694188,7,1
Skins US,Fire: Part 2,7.9,393,57,/title/tt2465546/,0.017241379310344827,0.3275862068965517,0.005747126436781609,0.011494252873563218,0.014367816091954023,0.02586206896551724,0.03735632183908046,0.10632183908045977,0.19540229885057472,0.25862068965517243,7,2
Skins US,Pure: Part 1,7.6,327,58,/title/tt2465548/,0.04126984126984127,0.33174603174603173,0.009523809523809525,0.009523809523809525,0.020634920634920634,0.03650793650793651,0.05555555555555555,0.1111111111111111,0.2015873015873016,0.18253968253968253,7,3
Skins US,Pure: Part 2,7.3,267,59,/title/tt3016350/,0.04591836734693878,0.25,0.015306122448979591,0.01020408163265306,0.025510204081632654,0.04591836734693878,0.058673469387755105,0.14030612244897958,0.24744897959183673,0.16071428571428573,7,4
Skins US,Rise: Part 1,8.3,348,60,/title/tt3016356/,0.02280130293159609,0.30293159609120524,0.016286644951140065,0.019543973941368076,0.02280130293159609,0.02280130293159609,0.0749185667752443,0.10423452768729642,0.20846905537459284,0.20521172638436483,7,5
Skins US,Rise: Part 2,8,307,61,/title/tt3016366/,0.018726591760299626,0.1760299625468165,0.011235955056179775,0.033707865168539325,0.033707865168539325,0.0599250936329588,0.15355805243445692,0.21348314606741572,0.21722846441947566,0.08239700374531835,7,6
Up All Night,Pilot,6.4,170,1,/title/tt1966324/,0.052941176470588235,0.09411764705882353,0.01764705882352941,0.041176470588235294,0.047058823529411764,0.08235294117647059,0.2411764705882353,0.21176470588235294,0.17647058823529413,0.03529411764705882,1,1
Up All Night,Cool Neighbors,6.8,123,2,/title/tt2051742/,0.024390243902439025,0.13008130081300814,0.008130081300813009,0.04065040650406504,0.04878048780487805,0.07317073170731707,0.2032520325203252,0.2601626016260163,0.13821138211382114,0.07317073170731707,1,2
Up All Night,Working Late & Working It,7,96,3,/title/tt2051743/,0.01282051282051282,0.15384615384615385,0.01282051282051282,0,0.01282051282051282,0.038461538461538464,0.20512820512820512,0.21794871794871795,0.24358974358974358,0.10256410256410256,1,3
Up All Night,New Car,7.4,78,4,/title/tt2051744/,0.010416666666666666,0.125,0.020833333333333332,0,0.03125,0.09375,0.20833333333333334,0.2604166666666667,0.17708333333333334,0.07291666666666667,1,4
Up All Night,Mr. Bob's Toddler Kaleidoscope,7,82,5,/title/tt2062447/,0.024390243902439025,0.13414634146341464,0.012195121951219513,0.036585365853658534,0.012195121951219513,0.08536585365853659,0.1951219512195122,0.25609756097560976,0.15853658536585366,0.08536585365853659,1,5
Up All Night,Birth,7.9,80,6,/title/tt2078460/,0.0125,0.2375,0,0,0.025,0.0375,0.0875,0.2375,0.2375,0.125,1,6
Up All Night,Parents,7,68,7,/title/tt2081041/,0.029411764705882353,0.10294117647058823,0.014705882352941176,0,0,0.11764705882352941,0.14705882352941177,0.38235294117647056,0.07352941176470588,0.1323529411764706,1,7
Up All Night,First Night Away,7.4,72,8,/title/tt2081042/,0.016129032258064516,0.14516129032258066,0,0,0,0.04838709677419355,0.25806451612903225,0.1935483870967742,0.22580645161290322,0.11290322580645161,1,8
Up All Night,Hiring and Firing,7.1,65,9,/title/tt2081043/,0.027777777777777776,0.18055555555555555,0,0,0.041666666666666664,0.09722222222222222,0.06944444444444445,0.2638888888888889,0.20833333333333334,0.1111111111111111,1,9
Up All Night,Week Off,7.4,62,10,/title/tt2106183/,0.015384615384615385,0.06153846153846154,0,0.015384615384615385,0.03076923076923077,0.06153846153846154,0.15384615384615385,0.35384615384615387,0.16923076923076924,0.13846153846153847,1,10
Up All Night,First Christmas,7.5,66,11,/title/tt2114268/,0.030303030303030304,0.15151515151515152,0,0,0.015151515151515152,0.06060606060606061,0.12121212121212122,0.2727272727272727,0.18181818181818182,0.16666666666666666,1,11
Up All Night,New Year's Eve,7.3,59,12,/title/tt2114269/,0,0.1864406779661017,0,0,0.03389830508474576,0.06779661016949153,0.1864406779661017,0.23728813559322035,0.22033898305084745,0.06779661016949153,1,12
Up All Night,Rivals,7.5,59,13,/title/tt2124652/,0,0.11538461538461539,0,0,0.019230769230769232,0.038461538461538464,0.17307692307692307,0.36538461538461536,0.19230769230769232,0.09615384615384616,1,13
Up All Night,Preschool Auction,7.4,52,14,/title/tt2124653/,0.01694915254237288,0.13559322033898305,0,0,0.01694915254237288,0.06779661016949153,0.1864406779661017,0.3050847457627119,0.13559322033898305,0.13559322033898305,1,14
Up All Night,Day After Valentine's Day,7.7,50,15,/title/tt2136561/,0,0.08333333333333333,0,0.041666666666666664,0,0.041666666666666664,0.22916666666666666,0.2708333333333333,0.22916666666666666,0.10416666666666667,1,15
Up All Night,Travel Day,7.2,48,16,/title/tt2214523/,0,0.1276595744680851,0,0.02127659574468085,0,0,0.0851063829787234,0.3404255319148936,0.2765957446808511,0.14893617021276595,1,16
Up All Night,First Birthday,7.2,42,17,/title/tt2221415/,0,0.08888888888888889,0.022222222222222223,0.022222222222222223,0,0.06666666666666667,0.17777777777777778,0.3333333333333333,0.26666666666666666,0.022222222222222223,1,17
Up All Night,New Boss,7.4,45,18,/title/tt2221417/,0,0.10416666666666667,0,0.020833333333333332,0.020833333333333332,0.041666666666666664,0.22916666666666666,0.3541666666666667,0.16666666666666666,0.0625,1,18
Up All Night,Couple Friends,7.8,47,19,/title/tt2221419/,0,0.15555555555555556,0,0.022222222222222223,0,0.044444444444444446,0.15555555555555556,0.26666666666666666,0.17777777777777778,0.17777777777777778,1,19
Up All Night,Baby Fever,7.1,45,20,/title/tt2223899/,0,0.14,0,0,0.02,0.06,0.1,0.28,0.26,0.14,1,20
Up All Night,Daddy Daughter Time,7.1,48,21,/title/tt2223901/,0.023809523809523808,0.09523809523809523,0,0,0.047619047619047616,0.047619047619047616,0.11904761904761904,0.40476190476190477,0.14285714285714285,0.11904761904761904,1,21
Up All Night,Letting Go,7.7,45,22,/title/tt2223903/,0,0.1111111111111111,0,0,0,0.044444444444444446,0.2,0.3111111111111111,0.28888888888888886,0.044444444444444446,1,22
Up All Night,Hey Jealousy,7.3,48,23,/title/tt2257078/,0.02,0.16,0.02,0,0.02,0.02,0.24,0.28,0.12,0.12,1,23
Up All Night,The Proposals,8.3,52,24,/title/tt2280961/,0,0.08333333333333333,0,0.020833333333333332,0.020833333333333332,0.020833333333333332,0.22916666666666666,0.2708333333333333,0.25,0.10416666666666667,1,24
Up All Night,Friendships & Partnerships,7.3,50,25,/title/tt2280963/,0,0.25,0,0,0,0,0.09615384615384616,0.23076923076923078,0.19230769230769232,0.23076923076923078,2,1
Up All Night,Home/Office,6.9,38,26,/title/tt2325234/,0,0.13513513513513514,0.02702702702702703,0.02702702702702703,0,0.08108108108108109,0.16216216216216217,0.32432432432432434,0.21621621621621623,0.02702702702702703,2,2
Up All Night,Swingers,7.1,37,27,/title/tt2335700/,0,0.07894736842105263,0.02631578947368421,0,0.02631578947368421,0.07894736842105263,0.2631578947368421,0.3157894736842105,0.13157894736842105,0.07894736842105263,2,3
Up All Night,Jerry Duty,7,37,28,/title/tt2366136/,0,0.13513513513513514,0.02702702702702703,0.02702702702702703,0.02702702702702703,0.13513513513513514,0.10810810810810811,0.32432432432432434,0.16216216216216217,0.05405405405405406,2,4
Up All Night,Another Saturday Night,6.9,34,29,/title/tt2390320/,0,0.14705882352941177,0.058823529411764705,0.029411764705882353,0.029411764705882353,0.058823529411764705,0.17647058823529413,0.3235294117647059,0.08823529411764706,0.08823529411764706,2,5
Up All Night,Ma'am'd,7.2,39,30,/title/tt2390332/,0,0.15384615384615385,0.07692307692307693,0,0,0.02564102564102564,0.1794871794871795,0.3333333333333333,0.15384615384615385,0.07692307692307693,2,6
Up All Night,Thanksgiving,6.8,37,31,/title/tt2451854/,0.02702702702702703,0.08108108108108109,0.05405405405405406,0,0,0.02702702702702703,0.2702702702702703,0.2972972972972973,0.1891891891891892,0.05405405405405406,2,7
Up All Night,The Game of Life,7,34,32,/title/tt2488780/,0.029411764705882353,0.17647058823529413,0.058823529411764705,0,0.029411764705882353,0.029411764705882353,0.14705882352941177,0.29411764705882354,0.20588235294117646,0.029411764705882353,2,8
Up All Night,I Can't Quit You,6.6,24,33,/title/tt2488794/,0.029411764705882353,0.14705882352941177,0.029411764705882353,0,0,0,0.23529411764705882,0.17647058823529413,0.17647058823529413,0.20588235294117646,2,9
Up All Night,First Snow,7.5,34,34,/title/tt2488800/,0.09375,0.15625,0.03125,0,0.0625,0.09375,0.09375,0.25,0.15625,0.0625,2,10
Up All Night,The Wedding,6.6,32,35,/title/tt2560052/,0,0.08333333333333333,0.08333333333333333,0,0,0.125,0.25,0.20833333333333334,0.20833333333333334,0.041666666666666664,2,11
Veronica Mars,Pilot,7.8,"1,054",1,/title/tt0739511/,0.08641975308641975,0.39231824417009603,0.05075445816186557,0.019204389574759947,0.009602194787379973,0.010973936899862825,0.0205761316872428,0.07956104252400549,0.1700960219478738,0.16049382716049382,1,1
Veronica Mars,Credit Where Credit's Due,6.5,870,2,/title/tt0739512/,0.1286231884057971,0.20108695652173914,0.07065217391304347,0.014492753623188406,0.005434782608695652,0.014492753623188406,0.07246376811594203,0.21920289855072464,0.16847826086956522,0.10507246376811594,1,2
Veronica Mars,Meet John Smith,6.9,759,3,/title/tt0739513/,0.10865874363327674,0.24448217317487267,0.07640067911714771,0.01867572156196944,0.0050933786078098476,0.01867572156196944,0.050933786078098474,0.16808149405772496,0.17826825127334464,0.1307300509337861,1,3
Veronica Mars,The Wrath of Con,7,731,4,/title/tt0739514/,0.08847184986595175,0.33109919571045576,0.057640750670241284,0.00938337801608579,0.0013404825737265416,0.010723860589812333,0.03351206434316354,0.11126005361930295,0.18498659517426275,0.17158176943699732,1,4
Veronica Mars,You Think You Know Somebody,7.1,704,5,/title/tt0739515/,0.09494640122511486,0.22664624808575803,0.06891271056661562,0.010719754977029096,0.007656967840735069,0.018376722817764167,0.07963246554364471,0.2082695252679939,0.1883614088820827,0.09647779479326186,1,5
Veronica Mars,Return of the Kane,7,670,6,/title/tt0739516/,0.11071428571428571,0.19464285714285715,0.07857142857142857,0.025,0.014285714285714285,0.023214285714285715,0.12142857142857143,0.21785714285714286,0.14642857142857144,0.06785714285714285,1,6
Veronica Mars,The Girl Next Door,6.8,695,7,/title/tt0739517/,0.11168384879725086,0.20103092783505155,0.07731958762886598,0.01718213058419244,0.001718213058419244,0.012027491408934709,0.07731958762886598,0.2027491408934708,0.18041237113402062,0.11855670103092783,1,7
Veronica Mars,Like a Virgin,7.3,695,8,/title/tt0739518/,0.10120845921450151,0.24169184290030213,0.0634441087613293,0.010574018126888218,0.013595166163141994,0.030211480362537766,0.045317220543806644,0.20090634441087613,0.18126888217522658,0.11178247734138973,1,8
Veronica Mars,Drinking the Kool-Aid,6.8,673,9,/title/tt0739519/,0.12988505747126436,0.18735632183908046,0.04942528735632184,0.016091954022988506,0.009195402298850575,0.04482758620689655,0.09425287356321839,0.2206896551724138,0.167816091954023,0.08045977011494253,1,9
Veronica Mars,An Echolls Family Christmas,7.5,746,10,/title/tt0739520/,0.09062980030721966,0.3102918586789555,0.07987711213517665,0.015360983102918587,0.007680491551459293,0.013824884792626729,0.053763440860215055,0.11367127496159754,0.17050691244239632,0.1443932411674347,1,10
Veronica Mars,Silence of the Lamb,7.2,694,11,/title/tt0739521/,0.08172362555720654,0.2213967310549777,0.0787518573551263,0.01188707280832095,0.014858841010401188,0.03417533432392273,0.08320950965824665,0.22288261515601784,0.1589895988112927,0.09212481426448738,1,11
Veronica Mars,Clash of the Tritons,6.9,662,12,/title/tt0739522/,0.09531772575250837,0.1939799331103679,0.0903010033444816,0.016722408026755852,0.005016722408026756,0.01839464882943144,0.08862876254180602,0.21906354515050167,0.19063545150501673,0.08193979933110368,1,12
Veronica Mars,Lord of the Bling,6.5,630,13,/title/tt0739523/,0.08057553956834532,0.19280575539568345,0.07338129496402877,0.02014388489208633,0.007194244604316547,0.030215827338129497,0.10071942446043165,0.22014388489208633,0.17841726618705037,0.09640287769784173,1,13
Veronica Mars,Mars vs. Mars,7.3,695,14,/title/tt0739524/,0.10545454545454545,0.17272727272727273,0.09090909090909091,0.02,0.01090909090909091,0.034545454545454546,0.11454545454545455,0.21454545454545454,0.15818181818181817,0.07818181818181819,1,14
Veronica Mars,Ruskie Business,7.1,656,15,/title/tt0739525/,0.10107197549770292,0.22970903522205208,0.05972434915773354,0.019908116385911178,0.010719754977029096,0.022970903522205207,0.05666156202143951,0.2082695252679939,0.17917304747320062,0.11179173047473201,1,15
Veronica Mars,Betty and Veronica,6.9,653,16,/title/tt0739526/,0.0912,0.2,0.0768,0.016,0.0064,0.0224,0.0768,0.2,0.1952,0.1152,1,16
Veronica Mars,Kanes and Abel's,6.9,625,17,/title/tt0739527/,0.06292906178489703,0.5320366132723112,0.05377574370709382,0.016018306636155607,0.002288329519450801,0.004576659038901602,0.013729977116704805,0.02631578947368421,0.10869565217391304,0.17963386727688788,1,17
Veronica Mars,Weapons of Class Destruction,7.4,777,18,/title/tt0739528/,0.08633093525179857,0.25467625899280577,0.0618705035971223,0.01870503597122302,0.0028776978417266188,0.017266187050359712,0.04460431654676259,0.14388489208633093,0.22158273381294963,0.14820143884892087,1,18
Veronica Mars,Hot Dogs,6.9,653,19,/title/tt0739529/,0.1,0.18095238095238095,0.06984126984126984,0.01746031746031746,0.007936507936507936,0.03650793650793651,0.1492063492063492,0.2126984126984127,0.15555555555555556,0.06984126984126984,1,19
Veronica Mars,M.A.D.,7,659,20,/title/tt0739530/,0.09559939301972686,0.2549317147192716,0.06980273141122914,0.015174506828528073,0.010622154779969651,0.01669195751138088,0.04552352048558422,0.17754172989377845,0.17602427921092564,0.13808801213960548,1,20
Veronica Mars,A Trip to the Dentist,7.7,729,21,/title/tt0739531/,0.07625899280575539,0.260431654676259,0.06906474820143885,0.02158273381294964,0.007194244604316547,0.010071942446043165,0.0460431654676259,0.12949640287769784,0.218705035971223,0.16115107913669063,1,21
Veronica Mars,Leave It to Beaver,8.4,874,22,/title/tt0739532/,0.08168642951251646,0.21080368906455862,0.061923583662714096,0.011857707509881422,0.015810276679841896,0.03162055335968379,0.09354413702239789,0.22793148880105402,0.15810276679841898,0.1067193675889328,1,22
Veronica Mars,Normal Is the Watchword,7.1,671,23,/title/tt0739533/,0.11211573236889692,0.19891500904159132,0.06690777576853527,0.028933092224231464,0.0054249547920434,0.023508137432188065,0.06871609403254973,0.19710669077757687,0.2007233273056058,0.09764918625678119,2,1
Veronica Mars,Driver Ed,6.7,598,24,/title/tt0739534/,0.12126537785588752,0.2126537785588752,0.06854130052724078,0.01757469244288225,0.0017574692442882249,0.0210896309314587,0.05975395430579965,0.18101933216168717,0.2038664323374341,0.11247803163444639,2,2
Veronica Mars,Cheatty Cheatty Bang Bang,6.8,582,25,/title/tt0739535/,0.08345752608047691,0.2503725782414307,0.08494783904619971,0.011922503725782414,0.004470938897168405,0.014903129657228018,0.05514157973174367,0.15499254843517138,0.21013412816691504,0.12965722801788376,2,3
Veronica Mars,Green-Eyed Monster,6.4,550,26,/title/tt0739536/,0.1111111111111111,0.18518518518518517,0.08289241622574955,0.01763668430335097,0.010582010582010581,0.029982363315696647,0.06878306878306878,0.16049382716049382,0.21869488536155202,0.1146384479717813,2,4
Veronica Mars,Blast from the Past,6.4,560,27,/title/tt0739537/,0.06546489563567362,0.36148007590132825,0.03795066413662239,0.013282732447817837,0.004743833017077799,0.016129032258064516,0.04743833017077799,0.12333965844402277,0.1859582542694497,0.1442125237191651,2,5
Veronica Mars,Rat Saw God,6.8,581,28,/title/tt0739538/,0.11131725417439703,0.18552875695732837,0.07792207792207792,0.025974025974025976,0.014842300556586271,0.022263450834879406,0.10946196660482375,0.22263450834879406,0.15584415584415584,0.07421150278293136,2,6
Veronica Mars,Nobody Puts Baby in a Corner,6.8,569,29,/title/tt0739539/,0.10843373493975904,0.22719449225473323,0.08433734939759036,0.013769363166953529,0.0068846815834767644,0.01549053356282272,0.060240963855421686,0.1962134251290878,0.16523235800344235,0.12220309810671257,2,7
Veronica Mars,Ahoy Mateys,6.6,552,30,/title/tt0739540/,0.09850746268656717,0.2208955223880597,0.0626865671641791,0.011940298507462687,0.0029850746268656717,0.026865671641791045,0.058208955223880594,0.21492537313432836,0.19552238805970149,0.10746268656716418,2,8
Veronica Mars,"My Mother, the Fiend",6.7,553,31,/title/tt0739541/,0.09451219512195122,0.26371951219512196,0.07317073170731707,0.007621951219512195,0.007621951219512195,0.019817073170731708,0.04878048780487805,0.14786585365853658,0.20121951219512196,0.13567073170731708,2,9
Veronica Mars,One Angry Veronica,6.8,567,32,/title/tt0739542/,0.08789625360230548,0.24063400576368876,0.05763688760806916,0.03170028818443804,0.002881844380403458,0.011527377521613832,0.05475504322766571,0.15417867435158503,0.2219020172910663,0.13688760806916425,2,10
Veronica Mars,Donut Run,7.3,651,33,/title/tt0739543/,0.12962962962962962,0.1685185185185185,0.07407407407407407,0.016666666666666666,0.005555555555555556,0.046296296296296294,0.12407407407407407,0.2037037037037037,0.17222222222222222,0.05925925925925926,2,11
Veronica Mars,Rashard and Wallace Go to White Castle,6.5,539,34,/title/tt0739544/,0.10186757215619695,0.22241086587436332,0.08828522920203735,0.01867572156196944,0.003395585738539898,0.025466893039049237,0.0730050933786078,0.2037351443123939,0.16808149405772496,0.09507640067911714,2,12
Veronica Mars,Ain't No Magic Mountain High Enough,6.9,589,35,/title/tt0739545/,0.07660738714090287,0.22845417236662108,0.06703146374829001,0.015047879616963064,0.008207934336525308,0.02188782489740082,0.07113543091655267,0.20109439124487005,0.19151846785225718,0.11901504787961696,2,13
Veronica Mars,Versatile Toppings,6.5,571,36,/title/tt0739546/,0.11208406304728546,0.18388791593695272,0.07530647985989491,0.021015761821366025,0.021015761821366025,0.024518388791593695,0.09982486865148861,0.20665499124343256,0.17162872154115585,0.0840630472854641,2,14
Veronica Mars,The Quick and the Wed,6.3,540,37,/title/tt0739547/,0.08622908622908623,0.3667953667953668,0.05276705276705277,0.009009009009009009,0.007722007722007722,0.015444015444015444,0.04118404118404118,0.12483912483912483,0.16216216216216217,0.13384813384813385,2,15
Veronica Mars,The Rapes of Graff,6.7,589,38,/title/tt0739548/,0.09090909090909091,0.24857954545454544,0.06960227272727272,0.0014204545454545455,0.004261363636363636,0.024147727272727272,0.07386363636363637,0.16761363636363635,0.19318181818181818,0.12642045454545456,2,16
Veronica Mars,Plan B,6.9,578,39,/title/tt0761546/,0.09688581314878893,0.2768166089965398,0.09515570934256055,0.010380622837370242,0.0034602076124567475,0.01384083044982699,0.050173010380622836,0.17128027681660898,0.18339100346020762,0.0986159169550173,2,17
Veronica Mars,I Am God,6.8,582,40,/title/tt0764209/,0.11168384879725086,0.22336769759450173,0.07903780068728522,0.01718213058419244,0.00859106529209622,0.022336769759450172,0.041237113402061855,0.19759450171821305,0.16151202749140894,0.13745704467353953,2,18
Veronica Mars,Nevermind the Buttocks,6.6,537,41,/title/tt0768782/,0.12290502793296089,0.19366852886405958,0.0856610800744879,0.01303538175046555,0.0037243947858473,0.0148975791433892,0.074487895716946,0.21042830540037244,0.2011173184357542,0.08007448789571694,2,19
Veronica Mars,Look Who's Stalking,6.9,597,42,/title/tt0776693/,0.10887772194304858,0.2747068676716918,0.07872696817420435,0.010050251256281407,0.0033500837520938024,0.01340033500837521,0.04522613065326633,0.18760469011725292,0.1574539363484087,0.12060301507537688,2,20
Veronica Mars,Happy Go Lucky,7,572,43,/title/tt0782652/,0.11538461538461539,0.22727272727272727,0.07342657342657342,0.017482517482517484,0.005244755244755245,0.013986013986013986,0.04195804195804196,0.13986013986013987,0.20454545454545456,0.16083916083916083,2,21
Veronica Mars,Not Pictured,8,865,44,/title/tt0782653/,0.07514450867052024,0.5190751445086705,0.04971098265895954,0.011560693641618497,0.009248554913294798,0.004624277456647399,0.018497109826589597,0.04277456647398844,0.12485549132947976,0.14450867052023122,2,22
Veronica Mars,Welcome Wagon,7,669,45,/title/tt0827475/,0.08968609865470852,0.3004484304932735,0.0687593423019432,0.008968609865470852,0.0029895366218236174,0.017937219730941704,0.053811659192825115,0.17638266068759342,0.16591928251121077,0.11509715994020926,3,1
Veronica Mars,My Big Fat Greek Rush Week,6.9,573,46,/title/tt0833380/,0.09947643979057591,0.27225130890052357,0.06631762652705062,0.017452006980802792,0.005235602094240838,0.02617801047120419,0.06282722513089005,0.19546247818499127,0.17801047120418848,0.07678883071553229,3,2
Veronica Mars,Wichita Linebacker,6.6,572,47,/title/tt0847805/,0.11153846153846154,0.2076923076923077,0.06538461538461539,0.011538461538461539,0.0038461538461538464,0.032692307692307694,0.08846153846153847,0.2230769230769231,0.17307692307692307,0.08269230769230769,3,3
Veronica Mars,Charlie Don't Surf,6.6,520,48,/title/tt0847806/,0.11188811188811189,0.26573426573426573,0.04895104895104895,0.013986013986013986,0.008741258741258742,0.027972027972027972,0.10839160839160839,0.22377622377622378,0.12237762237762238,0.06818181818181818,3,4
Veronica Mars,President Evil,6.8,511,49,/title/tt0858375/,0.0958904109589041,0.2191780821917808,0.07240704500978473,0.01761252446183953,0.0019569471624266144,0.019569471624266144,0.10371819960861056,0.2035225048923679,0.1780821917808219,0.08806262230919765,3,5
Veronica Mars,"Hi, Infidelity",6.8,485,50,/title/tt0864311/,0.1134020618556701,0.20412371134020618,0.0577319587628866,0.018556701030927835,0.004123711340206186,0.030927835051546393,0.05979381443298969,0.21855670103092784,0.1979381443298969,0.09484536082474226,3,6
Veronica Mars,Of Vice and Men,6.8,492,51,/title/tt0887115/,0.08580343213728549,0.42277691107644305,0.0483619344773791,0,0.0015600624024961,0.0124804992199688,0.0218408736349454,0.060842433697347896,0.1809672386895476,0.16536661466458658,3,7
Veronica Mars,Lord of the Pi's,6.6,489,52,/title/tt0893262/,0.12474437627811862,0.2085889570552147,0.049079754601226995,0.00408997955010225,0.010224948875255624,0.04294478527607362,0.11042944785276074,0.2229038854805726,0.16155419222903886,0.065439672801636,3,8
Veronica Mars,Spit & Eggs,7.9,641,53,/title/tt0898064/,0.11382113821138211,0.2073170731707317,0.056910569105691054,0.01016260162601626,0.012195121951219513,0.032520325203252036,0.06300813008130081,0.22154471544715448,0.17073170731707318,0.11178861788617886,3,9
Veronica Mars,Show Me the Monkey,7.1,520,54,/title/tt0898838/,0.10285714285714286,0.2342857142857143,0.05904761904761905,0.005714285714285714,0.011428571428571429,0.02095238095238095,0.06857142857142857,0.21333333333333335,0.18476190476190477,0.09904761904761905,3,10
Veronica Mars,"Poughkeepsie, Tramps and Thieves",6.9,525,55,/title/tt0932467/,0.08846153846153847,0.23846153846153847,0.05961538461538462,0.007692307692307693,0.0057692307692307696,0.013461538461538462,0.07692307692307693,0.2,0.20192307692307693,0.1076923076923077,3,11
Veronica Mars,There's Got to Be a Morning After Pill,6.7,475,56,/title/tt0934340/,0.0968421052631579,0.19789473684210526,0.06526315789473684,0.018947368421052633,0.01263157894736842,0.023157894736842106,0.09052631578947369,0.26105263157894737,0.16421052631578947,0.06947368421052631,3,12
Veronica Mars,Postgame Mortem,7.1,453,57,/title/tt0948388/,0.10375275938189846,0.2119205298013245,0.046357615894039736,0.006622516556291391,0.004415011037527594,0.026490066225165563,0.07947019867549669,0.2119205298013245,0.2119205298013245,0.09713024282560706,3,13
Veronica Mars,"Mars, Bars",7.6,439,58,/title/tt0957490/,0.07061503416856492,0.23917995444191345,0.06605922551252848,0.002277904328018223,0.002277904328018223,0.015945330296127564,0.05694760820045558,0.15034168564920272,0.24145785876993167,0.1548974943052392,3,14
Veronica Mars,Papa's Cabin,7.5,432,59,/title/tt0962499/,0.06712962962962964,0.22685185185185186,0.06018518518518518,0.009259259259259259,0.0023148148148148147,0.027777777777777776,0.06712962962962964,0.1550925925925926,0.23842592592592593,0.14583333333333334,3,15
Veronica Mars,Un-American Graffiti,7.3,413,60,/title/tt0963120/,0.06053268765133172,0.1864406779661017,0.0387409200968523,0.01937046004842615,0.021791767554479417,0.03631961259079903,0.07506053268765134,0.24939467312348668,0.20823244552058112,0.10411622276029056,3,16
Veronica Mars,Debasement Tapes,7.6,422,61,/title/tt0974478/,0.0589622641509434,0.28773584905660377,0.030660377358490566,0.0023584905660377358,0.0023584905660377358,0.018867924528301886,0.03537735849056604,0.09905660377358491,0.29009433962264153,0.17452830188679244,3,17
Veronica Mars,I Know What You'll Do Next Summer,7.5,409,62,/title/tt0975568/,0.05867970660146699,0.2396088019559902,0.03178484107579462,0.014669926650366748,0.004889975550122249,0.04645476772616137,0.05623471882640587,0.21026894865525672,0.2469437652811736,0.09046454767726161,3,18
Veronica Mars,Weevils Wobble But They Don't Go Down,8.1,424,63,/title/tt1015947/,0.04265402843601896,0.24170616113744076,0.035545023696682464,0.0071090047393364926,0.014218009478672985,0.04265402843601896,0.05924170616113744,0.21800947867298578,0.22985781990521326,0.10900473933649289,3,19
Veronica Mars,The Bitch Is Back,8.6,598,64,/title/tt1019357/,0.038461538461538464,0.4414715719063545,0.023411371237458192,0.006688963210702341,0.006688963210702341,0.021739130434782608,0.02508361204013378,0.05852842809364549,0.1605351170568562,0.21739130434782608,3,20
